ID,First year,Position,Name,Type,Institution
1,2013,Trustee,Alan Rappaport,Board,American Museum of Natural History
2,2014,Trustee,Ann Ziff,Board,American Museum of Natural History
3,2014,Trustee,Anna Deavere Smith,Board,American Museum of Natural History
4,2013,Trustee,Anne Sidamon-Eristoff,Board,American Museum of Natural History
5,2013,Trustee,Archibald Cox Jr.,Board,American Museum of Natural History
6,2013,Trustee,Charles E. Phillips Jr.,Board,American Museum of Natural History
7,2013,Treasurer,Charles H. Mott,Board,American Museum of Natural History
8,2013,Trustee,Christine A. Varney,Board,American Museum of Natural History
9,2013,Trustee,Christopher C. Davis,Board,American Museum of Natural History
10,2013,Trustee,David H. Koch,Board,American Museum of Natural History
11,2013,Vice Chairman ,David S. Gottesman,Board,American Museum of Natural History
12,2013,Trustee,Edwin H. Morgens,Board,American Museum of Natural History
13,2013,President ,Ellen V. Futter,Board,American Museum of Natural History
14,2013,Vice Chairman ,Fiona Druckenmiller,Board,American Museum of Natural History
15,2013,Trustee,Frank V. Sica,Board,American Museum of Natural History
16,2013,Trustee,Frederick A. Klingenstein,Board,American Museum of Natural History
17,2013,Trustee,Helene D. Gayle,Board,American Museum of Natural History
18,2013,Trustee,Helene L. Kaplan,Board,American Museum of Natural History
19,2013,Trustee,Ilene Sackler Lefcourt,Board,American Museum of Natural History
20,2013,Trustee,Irma Milstein,Board,American Museum of Natural History
21,2014,Trustee,Jackie Bezos,Board,American Museum of Natural History
22,2013,Trustee,Joseph H. Gleberman,Board,American Museum of Natural History
23,2013,Trustee,Katheryn P. Kempner,Board,American Museum of Natural History
24,2014,Trustee,Kenneth L. Wallach,Board,American Museum of Natural History
25,2014,Trustee,Laura Baudo Sillerman,Board,American Museum of Natural History
26,2013,Chairman ,Lewis W. Bernard,Board,American Museum of Natural History
27,2013,Vice Chairman ,Linda R. Macaulay,Board,American Museum of Natural History
28,2013,Trustee,Lorne Michaels,Board,American Museum of Natural History
29,2013,Vice Chairman ,Louis V. Gerstner Jr.,Board,American Museum of Natural History
30,2013,Trustee,Marlene Hess,Board,American Museum of Natural History
31,2013,Trustee,Mary C. Solomon,Board,American Museum of Natural History
32,2013,Trustee,Nancy B. Fessenden,Board,American Museum of Natural History
33,2013,Trustee,Peter J. Solomon,Board,American Museum of Natural History
34,2014,Trustee,Rebekah Mercer,Board,American Museum of Natural History
35,2013,Trustee,Richard D. Parsons,Board,American Museum of Natural History
36,2013,Trustee,Richard E. Jaffe,Board,American Museum of Natural History
37,2013,Trustee,Richard Gilder,Board,American Museum of Natural History
38,2013,Trustee,Richard L. Revesz,Board,American Museum of Natural History
39,2013,Trustee,Richard S. LeFrak,Board,American Museum of Natural History
40,2013, Chairman Emeritus,Robert G. Goelet,Board,American Museum of Natural History
41,2013,Vice Chairman ,Roberto A. Mignone,Board,American Museum of Natural History
42,2013,Vice Chairman ,Roger C. Altman,Board,American Museum of Natural History
43,2013,Trustee,Scott L. Bok,Board,American Museum of Natural History
44,2014,Trustee,Shaiza Rizavi,Board,American Museum of Natural History
45,2013,Secretary,Sibyl R. Golden,Board,American Museum of Natural History
46,2013,Trustee,Stephanie Bell-Rose,Board,American Museum of Natural History
47,2013,Trustee,Tamsen Ann Ziff,Board,American Museum of Natural History
48,2013,Trustee,Theodore A. Mathas,Board,American Museum of Natural History
49,2013,Trustee,Theodore Roosevelt IV,Board,American Museum of Natural History
50,2013,Trustee,Tina Fey,Board,American Museum of Natural History
51,2013,Trustee,Tom Brokaw,Board,American Museum of Natural History
52,2014,Trustee,Valerie S. Peltier,Board,American Museum of Natural History
53,2014,Trustee,Victor Marrero,Board,American Museum of Natural History
54,2013,Trustee,Virginia Hearst Randt,Board,American Museum of Natural History
55,2013,Trustee,Vivian H. Donnelley,Board,American Museum of Natural History
56,2013,Trustee,Walter V. Shipley,Board,American Museum of Natural History
57,2012,DIRECTORS ,"\®Frank A. Bennack, Jr. ",Board,Lincoln Center
58,2012,DIRECTORS ,Adrienne Arsht ,Board,Lincoln Center
59,2012,DIRECTORS ,Alair A. Townsend ,Board,Lincoln Center
60,2012,DIRECTORS ,Ann Unterberg ,Board,Lincoln Center
61,2012,VICE CHAIRS ,Ann Ziff ,Board,Lincoln Center
62,2013,DIRECTORS ,Anna Nikolayevsky  Benton,Board,Lincoln Center
63,2012,DIRECTORS ,Audra McDonald ,Board,Lincoln Center
64,2012,DIRECTORS ,Audrey Butvay Gruss ,Board,Lincoln Center
65,2012,DIRECTORS ,Barbara Walters ,Board,Lincoln Center
66,2012,DIRECTORS ,Bart Friedman ,Board,Lincoln Center
67,2013,DIRECTORS ,Bennett J. Goodman ,Board,Lincoln Center
68,2012,DIRECTORS ,Betty Levin ,Board,Lincoln Center
69,2012,TREASURER ,Blair W. Effron ,Board,Lincoln Center
70,2012,VICE CHAIRS ,Bruce Kovner ,Board,Lincoln Center
71,2012,DIRECTORS ,Bryan Lourd ,Board,Lincoln Center
72,2012,DIRECTORS ,Christina Baker ,Board,Lincoln Center
73,2012,DIRECTORS ,Christopher J. Williams ,Board,Lincoln Center
74,2012,DIRECTORS ,Clara Wu Tsai ,Board,Lincoln Center
75,2012,DIRECTORS ,Daniel Crown ,Board,Lincoln Center
76,2012,DIRECTORS ,Daniel H. Stern ,Board,Lincoln Center
77,2012,DIRECTORS ,Daniel S. Och ,Board,Lincoln Center
78,2012,DIRECTORS ,David A. Hunt ,Board,Lincoln Center
79,2012,VICE CHAIRS ,David Alan Coulter ,Board,Lincoln Center
80,2012,DIRECTORS ,David H. Koch ,Board,Lincoln Center
81,2012,DIRECTORS ,David M. Rubenstein ,Board,Lincoln Center
82,2013,DIRECTORS ,Diane M. Coffey ,Board,Lincoln Center
83,2012,DIRECTORS ,Edward P. Gilligan ,Board,Lincoln Center
84,2012,DIRECTORS ,Efraim Grinberg ,Board,Lincoln Center
85,2012,DIRECTORS ,Elizabeth Rohatyn ,Board,Lincoln Center
86,2012,DIRECTORS ,Elliot S. Jaffe ,Board,Lincoln Center
87,2012,DIRECTORS ,Gary W. Parr ,Board,Lincoln Center
88,2013,DIRECTORS ,Gayfryd Steinberg ,Board,Lincoln Center
89,2012,DIRECTORS ,George Walker ,Board,Lincoln Center
90,2012,DIRECTORS ,Guoqing Chen ,Board,Lincoln Center
91,2012,DIRECTORS ,"Harold Ford, Jr. ",Board,Lincoln Center
92,2012,DIRECTORS ,Honorable Judith S. Kaye ,Board,Lincoln Center
93,2012,DIRECTORS ,Indra Nooyi ,Board,Lincoln Center
94,2013,DIRECTORS ,Ingeborg Rennert ,Board,Lincoln Center
95,2012,DIRECTORS ,J. Tomilson Hill ,Board,Lincoln Center
96,2012,DIRECTORS ,James G. Dinan ,Board,Lincoln Center
97,2013,DIRECTORS ,James P. O\Shaughnessy ,Board,Lincoln Center
98,2012,DIRECTORS ,Jay S. Fishman ,Board,Lincoln Center
99,2013,PRESIDENT ,Jed Bernstein ,Board,Lincoln Center
100,2012,DIRECTORS ,Jim Herbert ,Board,Lincoln Center
101,2012,DIRECTORS ,Jim Rosenthal ,Board,Lincoln Center
102,2012,VICE CHAIRS ,Joel S. Ehrenkranz ,Board,Lincoln Center
103,2012,VICE CHAIRS ,John B. Hess ,Board,Lincoln Center
104,2012,DIRECTORS ,John Wren ,Board,Lincoln Center
105,2012,DIRECTORS ,Joseph R. Perella ,Board,Lincoln Center
106,2012,DIRECTORS ,Julian H. Robertson ,Board,Lincoln Center
107,2013,DIRECTORS ,Julian Robertson ,Board,Lincoln Center
108,2012,CHAIR ,Katherine Farley ,Board,Lincoln Center
109,2012,DIRECTORS ,Keith T. Banks ,Board,Lincoln Center
110,2012,DIRECTORS ,Kevin W. Kennedy ,Board,Lincoln Center
111,2012,VICE CHAIRS ,Laurie M. Tisch ,Board,Lincoln Center
112,2012,DIRECTORS ,Max R. Shulman ,Board,Lincoln Center
113,2013,DIRECTORS ,Michael Lynton ,Board,Lincoln Center
114,2013,DIRECTORS ,Mimi Haas ,Board,Lincoln Center
115,2013,DIRECTORS ,Motomu Takahashi ,Board,Lincoln Center
116,2012,DIRECTORS ,Mr. Mitsuhiko Kawai ,Board,Lincoln Center
117,2012,DIRECTORS ,Mrs. Ingeborg Hanna Rennert ,Board,Lincoln Center
118,2012,DIRECTORS ,Ms. Diane M. Coffey ,Board,Lincoln Center
119,2012,DIRECTORS ,Peter Frelinghuysen ,Board,Lincoln Center
120,2012,DIRECTORS ,Peter S. Kraus ,Board,Lincoln Center
121,2012,VICE CHAIRS ,Philip L. Milstein ,Board,Lincoln Center
122,2013,DIRECTORS ,Ralph Schlosstein ,Board,Lincoln Center
123,2012,DIRECTORS ,Ren√©e Belfer,Board,Lincoln Center
124,2012,PRESIDENT,Reynold Levy,Board,Lincoln Center
125,2012,VICE CHAIRS ,Richard K. DeScherer ,Board,Lincoln Center
126,2012,DIRECTORS ,Richard S. Braddock ,Board,Lincoln Center
127,2012,DIRECTORS ,Rita E. Hauser ,Board,Lincoln Center
128,2012,DIRECTORS ,Robert A. Iger ,Board,Lincoln Center
129,2012,DIRECTORS ,Robert Appel ,Board,Lincoln Center
130,2012,DIRECTORS ,Ronnie Ackman,Board,Lincoln Center
131,2012,VICE CHAIRS ,Roy Furman ,Board,Lincoln Center
132,2012,DIRECTORS ,Shelly Lazarus ,Board,Lincoln Center
133,2013,DIRECTORS ,Sheryl J. Kaye Kevin W. Kennedy ,Board,Lincoln Center
134,2012,DIRECTORS ,Shiqiang Wu ,Board,Lincoln Center
135,2012,DIRECTORS ,Sir Deryck C. Maughan ,Board,Lincoln Center
136,2012,DIRECTORS ,Somesh Khanna ,Board,Lincoln Center
137,2012,DIRECTORS ,Stephen M. Ross ,Board,Lincoln Center
138,2012,DIRECTORS ,Steven A. Kandarian ,Board,Lincoln Center
139,2012,DIRECTORS ,Steven R. Swartz ,Board,Lincoln Center
140,2012,DIRECTORS ,Thomas A. Renyi ,Board,Lincoln Center
141,2012,DIRECTORS ,Thomas H. Lee ,Board,Lincoln Center
142,2012,DIRECTORS ,"William B. Harrison, Jr. ",Board,Lincoln Center
143,2012,DIRECTORS ,William C. Morris ,Board,Lincoln Center
144,2012,DIRECTORS ,William E. Ford ,Board,Lincoln Center
145,2012,DIRECTORS ,"William R. Miller, CBE ",Board,Lincoln Center
146,2013,Chairman ,Ann Ziff ,Board,Metropolitan Opera
147,2013,President and Chief Executive Officer ,Kevin W. Kennedy ,Board,Metropolitan Opera
148,2013,Chairman of the Executive Committee,Mercedes T. Bass ,Board,Metropolitan Opera
149,2013,Chairman of the Executive Committee ,William C. Morris ,Board,Metropolitan Opera
150,2013,Secretary,Judith-Ann Corrente ,Board,Metropolitan Opera
151,2013,Treasurer,Betsy Cohen ,Board,Metropolitan Opera
152,2013,Frayda B. Lindemann ,Frayda B. Lindemann ,Board,Metropolitan Opera
153,2013,Honorary Chairman ,Christine F. Hunter ,Board,Metropolitan Opera
154,2013,Honorary Chairman ,James W. Kinnear ,Board,Metropolitan Opera
155,2013,President Emeritus ,Paul M. Montrone ,Board,Metropolitan Opera
156,2013,Vice Chairman Emerita ,Mrs. Ezra K. Zilkha ,Board,Metropolitan Opera
157,2013,Managing Director,"Frank A. Bennack, Jr. ",Board,Metropolitan Opera
158,2013,Managing Director,Susan S. Braddock ,Board,Metropolitan Opera
159,2013,Managing Director,"Leonard S. Coleman, Jr. ",Board,Metropolitan Opera
160,2013,Managing Director,Edgar Foster Daniels ,Board,Metropolitan Opera
161,2013,Managing Director,Rena De Sisto ,Board,Metropolitan Opera
162,2013,Managing Director,Jerry del Missier ,Board,Metropolitan Opera
163,2013,Managing Director,Mrs. Paul Desmarais Sr.,Board,Metropolitan Opera
164,2013,Managing Director,Misook Doolittle ,Board,Metropolitan Opera
165,2014,Managing Director,Stephanie T. Foster,Board,Metropolitan Opera
166,2013,Managing Director,Marina Kellen French ,Board,Metropolitan Opera
167,2013,Managing Director,Beth W. Glynn ,Board,Metropolitan Opera
168,2014,Managing Director,Joan Granlund,Board,Metropolitan Opera
169,2013,Managing Director,Eugene P. Grisanti ,Board,Metropolitan Opera
170,2014,Managing Director,Eckkehart Hassel-Weiler,Board,Metropolitan Opera
171,2013,Managing Director,Rolf Heitmeyer ,Board,Metropolitan Opera
172,2013,Managing Director,Marlene Hess,Board,Metropolitan Opera
173,2014,Managing Director,Agnes Hsu-Tang,Board,Metropolitan Opera
174,2013,Managing Director,Christine F. Hunter ,Board,Metropolitan Opera
175,2013,Managing Director,Frederick Iseman ,Board,Metropolitan Opera
176,2013,Managing Director,John J. Noffo Kahn ,Board,Metropolitan Opera
177,2013,Managing Director,James W. Kinnear ,Board,Metropolitan Opera
178,2013,Managing Director,Bruce Kovner ,Board,Metropolitan Opera
179,2013,Managing Director,Camille D. LaBarre ,Board,Metropolitan Opera
180,2013,Managing Director,"Mrs. Walter J. Laughery, Jr. ",Board,Metropolitan Opera
181,2013,Managing Director,Harry T. Lee ,Board,Metropolitan Opera
182,2013,Managing Director,Jeanette Lerman-Neubauer ,Board,Metropolitan Opera
183,2013,Managing Director,Dafna Meitar-Nechmad ,Board,Metropolitan Opera
184,2013,Managing Director,Mrs. Corbin R. Miller ,Board,Metropolitan Opera
185,2013,Managing Director,William R. Miller ,Board,Metropolitan Opera
186,2013,Managing Director,Vivian Milstein ,Board,Metropolitan Opera
187,2013,Managing Director,Elena A. Prokupets ,Board,Metropolitan Opera
188,2013,Managing Director,Laura J. Sloate ,Board,Metropolitan Opera
189,2013,Managing Director,Howard Solomon ,Board,Metropolitan Opera
190,2013,Managing Director,"Hon. David A. Straz, Jr. ",Board,Metropolitan Opera
191,2013,Managing Director,Ambassador Nicholas F. Taubman\,Board,Metropolitan Opera
192,2013,Managing Director,"Mrs. Wilmer J. Thomas, Jr. ",Board,Metropolitan Opera
193,2013,Managing Director,Robert I. Toll ,Board,Metropolitan Opera
194,2013,Managing Director,Robert L. Turner\,Board,Metropolitan Opera
195,2013,Chairman,Daniel Brodsky ,Board,Metropolitan Museum
196,2013,Vice chairman,Russell L. Carson ,Board,Metropolitan Museum
197,2013,Vice chairman,"Richard L. Chilton,  Jr. ",Board,Metropolitan Museum
198,2013,Vice chairman,Lulu C. Wang ,Board,Metropolitan Museum
199,2013,Elective trustee,J. Tomilson Hill ,Board,Metropolitan Museum
200,2013,Elective trustee,Denis P. Kelleher ,Board,Metropolitan Museum
201,2013,Elective trustee,William C. Rudin ,Board,Metropolitan Museum
202,2013,Elective trustee,Alejandro Santo Domingo,Board,Metropolitan Museum
203,2013,Elective trustee,Andrew M. Saul ,Board,Metropolitan Museum
204,2013,Elective trustee,Anna Wintour ,Board,Metropolitan Museum
205,2013,Elective trustee,Candace K. Beinecke ,Board,Metropolitan Museum
206,2013,Elective trustee,Leon D. Black ,Board,Metropolitan Museum
207,2013,Elective trustee,Wellington Z. Chen ,Board,Metropolitan Museum
208,2013,Elective trustee,Hamilton E. James ,Board,Metropolitan Museum
209,2013,Elective trustee,Joyce Frank Menschel ,Board,Metropolitan Museum
210,2013,Elective trustee,Jeffrey M. Peek ,Board,Metropolitan Museum
211,2013,Elective trustee,Sir Paul Ruddock ,Board,Metropolitan Museum
212,2013,Elective trustee,Shelby White ,Board,Metropolitan Museum
213,2013,Elective trustee,Daniel Brodsky ,Board,Metropolitan Museum
214,2013,Elective trustee,Russell L. Carson ,Board,Metropolitan Museum
215,2013,Elective trustee,Mark Fisch ,Board,Metropolitan Museum
216,2013,Elective trustee,Marina Kellen French ,Board,Metropolitan Museum
217,2013,Elective trustee,Philip H. Isles ,Board,Metropolitan Museum
218,2013,Elective trustee,Ann G. Tenenbaum ,Board,Metropolitan Museum
219,2013,Elective trustee,Jeffrey W. Greenberg ,Board,Metropolitan Museum
220,2013,Elective trustee,Bonnie B. Himmelman ,Board,Metropolitan Museum
221,2013,Elective trustee,Bonnie J. Sacerdote ,Board,Metropolitan Museum
222,2013,Elective trustee,James E. Shipp ,Board,Metropolitan Museum
223,2013,Elective trustee,Andrew Solomon ,Board,Metropolitan Museum
224,2013,Elective trustee,Barrie A. Wigmore ,Board,Metropolitan Museum
225,2013,Elective trustee,Charles N. Atkins,Board,Metropolitan Museum
226,2013,Elective trustee,Bijan Mossavar-Rahmani,Board,Metropolitan Museum
227,2013,Elective trustee,John A. Paulson,Board,Metropolitan Museum
228,2013,Elective trustee,Samantha Boardman Rosen,Board,Metropolitan Museum
229,2014,Elective trustee,Stephen M. Cutler,Board,Metropolitan Museum
230,2013,Emeritus,Pl√°cido Arango ,Board,Metropolitan Museum
231,2013,Emeritus,Ren√©e E. Belfer ,Board,Metropolitan Museum
232,2013,Emeritus,Mrs. Jackson Burke ,Board,Metropolitan Museum
233,2013,Emeritus,Walter Burke ,Board,Metropolitan Museum
234,2013,Emeritus,Mrs. B. Gerald Cantor ,Board,Metropolitan Museum
235,2013,Emeritus,Michel David-Weill ,Board,Metropolitan Museum
236,2013,Emeritus,S. Parker Gilbert ,Board,Metropolitan Museum
237,2013,Emeritus,Conrad K. Harper ,Board,Metropolitan Museum
238,2013,Emeritus,Mrs. Henry J. Heinz II ,Board,Metropolitan Museum
239,2013,Emeritus,Sir Joseph Hotung ,Board,Metropolitan Museum
240,2013,Emeritus,James R. Houghton ,Board,Metropolitan Museum
241,2013,Emeritus,Mrs. Herbert Irving ,Board,Metropolitan Museum
242,2013,Emeritus,Henry A. Kissinger ,Board,Metropolitan Museum
243,2013,Emeritus,David H. Koch ,Board,Metropolitan Museum
244,2013,Emeritus,Barnabas McHenry ,Board,Metropolitan Museum
245,2013,Emeritus,Mary R. Morgan ,Board,Metropolitan Museum
246,2013,Emeritus,George B. Munroe ,Board,Metropolitan Museum
247,2013,Emeritus,Eliot C. Nolen ,Board,Metropolitan Museum
248,2013,Emeritus,Robert M. Pennoyer ,Board,Metropolitan Museum
249,2013,Emeritus,Mrs. Milton Petrie ,Board,Metropolitan Museum
250,2013,Emeritus,Cynthia Hazen Polsky ,Board,Metropolitan Museum
251,2013,Emeritus,Annette de la Renta ,Board,Metropolitan Museum
252,2013,Emeritus,Frank E. Richardson ,Board,Metropolitan Museum
253,2013,Emeritus,"E. John Rosenwald, Jr. ",Board,Metropolitan Museum
254,2013,Emeritus,James J. Ross ,Board,Metropolitan Museum
255,2013,Emeritus,Henry B. Schacht ,Board,Metropolitan Museum
256,2013,Emeritus,David T. Schiff ,Board,Metropolitan Museum
257,2013,Emeritus,Muriel Silberstein-Storfer ,Board,Metropolitan Museum
258,2013,Emeritus,Carl Spielvogel ,Board,Metropolitan Museum
259,2013,Emeritus,Oscar L. Tang ,Board,Metropolitan Museum
260,2013,Emeritus,Allan Weissglass ,Board,Metropolitan Museum
261,2013,Emeritus,Malcolm H. Wiener ,Board,Metropolitan Museum
262,2013,Emeritus,Jayne Wrightsman ,Board,Metropolitan Museum
263,2013,Honorary chairman,David Rockefeller,Board,Museum of Modern Art
264,2013,Honorary chairman,Ronald S. Lauder,Board,Museum of Modern Art
265,2013,Chairman emeritus,Robert B. Menschel,Board,Museum of Modern Art
266,2013,President Emerita,Agnes Gund,Board,Museum of Modern Art
267,2013,President Emeritus,Donald B. Marron,Board,Museum of Modern Art
268,2013,Chairman,Jerry I. Speyer,Board,Museum of Modern Art
269,2013,President,Marie-Jos√©e Kravis,Board,Museum of Modern Art
270,2013,Vice Chairman,Sid R. Bass,Board,Museum of Modern Art
271,2013,Vice Chairman,Leon D. Black,Board,Museum of Modern Art
272,2013,Vice Chairman,Mimi Haas,Board,Museum of Modern Art
273,2013,Vice Chairman,Richard E. Salomon,Board,Museum of Modern Art
274,2013,Director,Glenn D. Lowry,Board,Museum of Modern Art
275,2013,Assistant Treasurer,James Gara,Board,Museum of Modern Art
276,2013,Secretary,Patty Lipshutz,Board,Museum of Modern Art
277,2013,Trustee,Wallis Annenberg,Board,Museum of Modern Art
278,2013,Trustee,Sid R. Bass,Board,Museum of Modern Art
279,2013,Trustee,Lawrence B. Benenson,Board,Museum of Modern Art
280,2013,Trustee,Leon D. Black,Board,Museum of Modern Art
281,2013,Trustee,Clarissa Alcock Bronfman,Board,Museum of Modern Art
282,2013,Trustee,Patricia Phelps de Cisneros,Board,Museum of Modern Art
283,2013,Trustee,Paula Crown,Board,Museum of Modern Art
284,2013,Trustee,David Dechman,Board,Museum of Modern Art
285,2013,Trustee,Glenn Dubin,Board,Museum of Modern Art
286,2013,Trustee,John Elkann,Board,Museum of Modern Art
287,2013,Trustee,Laurence Fink,Board,Museum of Modern Art
288,2013,Trustee,Kathleen Fuld,Board,Museum of Modern Art
289,2013,Trustee,Howard Gardner,Board,Museum of Modern Art
290,2013,Trustee,Anne Dias Griffin,Board,Museum of Modern Art
291,2013,Trustee,Mimi Haas,Board,Museum of Modern Art
292,2013,Trustee,Alexandra A. Herzan,Board,Museum of Modern Art
293,2013,Trustee,Marlene Hess,Board,Museum of Modern Art
294,2014,Trustee,Ronnie Hayman,Board,Museum of Modern Art
295,2013,Trustee,AC Hudgins,Board,Museum of Modern Art
296,2013,Trustee,Jill Kraus,Board,Museum of Modern Art
297,2013,Trustee,Marie-Jos√©e Kravis,Board,Museum of Modern Art
298,2013,Trustee,Thomas H. Lee,Board,Museum of Modern Art
299,2013,Trustee,Michael Lynne,Board,Museum of Modern Art
300,2013,Trustee,Philip S. Niarchos,Board,Museum of Modern Art
301,2013,Trustee,James G. Niven,Board,Museum of Modern Art
302,2013,Trustee,Peter Norton,Board,Museum of Modern Art
303,2014,Trustee,Daniel S. Och,Board,Museum of Modern Art
304,2013,Trustee,Maja Oeri,Board,Museum of Modern Art
305,2013,Trustee,Michael S. Ovitz,Board,Museum of Modern Art
306,2013,Trustee,Richard D. Parsons,Board,Museum of Modern Art
307,2013,Trustee,Ronald O. Perelman,Board,Museum of Modern Art
308,2013,Trustee,Sharon Percy Rockefeller,Board,Museum of Modern Art
309,2013,Trustee,Marcus Samuelsson,Board,Museum of Modern Art
310,2013,Trustee,Anna Deavere Smith,Board,Museum of Modern Art
311,2013,Trustee,Jerry I. Speyer,Board,Museum of Modern Art
312,2013,Trustee,Ricardo Steinbruch,Board,Museum of Modern Art
313,2013,Trustee,Alice M. Tisch,Board,Museum of Modern Art
314,2013,Trustee,Gary Winnick,Board,Museum of Modern Art
315,2013,Life trustee,Eli Broad,Board,Museum of Modern Art
316,2013,Life trustee,Douglas S. Cramer,Board,Museum of Modern Art
317,2013,Life trustee,Joel S. Ehrenkranz,Board,Museum of Modern Art
318,2013,Life trustee,Gianluigi Gabetti,Board,Museum of Modern Art
319,2013,Life trustee,Barbara Jakobson,Board,Museum of Modern Art
320,2013,Life trustee,Werner H. Kramarsky,Board,Museum of Modern Art
321,2013,Life trustee,June Noble Larkin,Board,Museum of Modern Art
322,2013,Life trustee,Donald B. Marron,Board,Museum of Modern Art
323,2013,Life trustee,Robert B. Menschel,Board,Museum of Modern Art
324,2013,Life trustee,Peter G. Peterson,Board,Museum of Modern Art
325,2013,Life trustee,Emily Rauh Pulitzer,Board,Museum of Modern Art
326,2013,Life trustee,David Rockefeller,Board,Museum of Modern Art
327,2013,Life trustee,Anna Marie Shapiro,Board,Museum of Modern Art
328,2013,Life trustee,Jeanne C. Thayer,Board,Museum of Modern Art
329,2013,Life trustee,Joan Tisch,Board,Museum of Modern Art
330,2013,Life trustee,Edgar Wachenheim III,Board,Museum of Modern Art
331,2013,Director,Klaus Biesenbach,Board,MOMA PS1
332,2013,Chairman,Agnes Gund,Board,MOMA PS1
333,2013,Vice Chairman,Philip E. Aarons,Board,MOMA PS1
334,2013,Treasurer,John Comfort,Board,MOMA PS1
335,2013,Trustee,Sheikha Hoor Al-Qasimi,Board,MOMA PS1
336,2013,Trustee,Richard Chang,Board,MOMA PS1
337,2013,Trustee,Angela Chao,Board,MOMA PS1
338,2013,Trustee,Dana Farouki,Board,MOMA PS1
339,2013,Trustee,Lex Fenwick,Board,MOMA PS1
340,2013,Trustee,Wendy Fisher,Board,MOMA PS1
341,2013,Trustee,Adriana Cisneros de Griffin,Board,MOMA PS1
342,2013,Trustee,Susan Hayden,Board,MOMA PS1
343,2013,Trustee,Adam Kimmel,Board,MOMA PS1
344,2013,Trustee,Sydie Lansing,Board,MOMA PS1
345,2013,Trustee,Jennifer McSweeney,Board,MOMA PS1
346,2013,Trustee,Peter Norton,Board,MOMA PS1
347,2013,Trustee,Diana Widmaier Picasso,Board,MOMA PS1
348,2013,Trustee,Cindy Sherman,Board,MOMA PS1
349,2013,Trustee,Tom Slaughter,Board,MOMA PS1
350,2013,Trustee,Julia Stoschek,Board,MOMA PS1
351,2013,Trustee,Beth Swofford,Board,MOMA PS1
352,2013,Trustee,David Teiger,Board,MOMA PS1
353,2013,Trustee,Mickalene Thomas,Board,MOMA PS1
354,2013,Chairman,Gary W. Parr,Board,New York Philharmonic
355,2013,Executive Director,Matthew VanBesien,Board,New York Philharmonic
356,2013,Secretary,Daisy M. Soros,Board,New York Philharmonic
357,2013,Treasurer,Timothy M. George,Board,New York Philharmonic
358,2013,Director,Lawrence D. Ackman,Board,New York Philharmonic
359,2013,Director,Alec Baldwin,Board,New York Philharmonic
360,2013,Director,Joshua Bell,Board,New York Philharmonic
361,2013,Director,Dr. Clemens B√∂rsig,Board,New York Philharmonic
362,2014,Director,Yefim Bronfman,Board,New York Philharmonic
363,2013,Director,Kenneth A. Buckfire,Board,New York Philharmonic
364,2013,Director,James E. Buckman,Board,New York Philharmonic
365,2013,Director,Laura Chang,Board,New York Philharmonic
366,2014,Director,Angela Chen,Board,New York Philharmonic
367,2013,Director,Diane Chesin,Board,New York Philharmonic
368,2013,Director,Peter D. Cummings,Board,New York Philharmonic
369,2013,Director,Toos N. Daruvala,Board,New York Philharmonic
370,2013,Director,Lodewijk J.R. de Vink,Board,New York Philharmonic
371,2014,Director,Carol Fiorello,Board,New York Philharmonic
372,2013,Director,J. Christopher Flowers,Board,New York Philharmonic
373,2013,Director,Daria L. Foster,Board,New York Philharmonic
374,2013,Director,Annabelle K. Garrett,Board,New York Philharmonic
375,2013,Director,Whoopi Goldberg,Board,New York Philharmonic
376,2013,Director,Paul B. Guenther,Board,New York Philharmonic
377,2013,Director,Gurnee F. Hart,Board,New York Philharmonic
378,2013,Director,Gerald L. Hassell,Board,New York Philharmonic
379,2013,Director,"Robert S. Hekemian, Jr.",Board,New York Philharmonic
380,2013,Director,C. Robert Henrikson,Board,New York Philharmonic
381,2013,Director,Ludmila Schwarzenberg Hess,Board,New York Philharmonic
382,2013,Director,Stephen Heyer,Board,New York Philharmonic
383,2013,Director,Ann Johnson,Board,New York Philharmonic
384,2013,Director,Peter Jungen,Board,New York Philharmonic
385,2013,Director,Mitsuhiko Kawai,Board,New York Philharmonic
386,2013,Director,H. Frederick Krimendahl II,Board,New York Philharmonic
387,2013,Director,Honey M. Kurtz,Board,New York Philharmonic
388,2013,Director,Christian A. Lange,Board,New York Philharmonic
389,2013,Director,Karen T. LeFrak,Board,New York Philharmonic
390,2013,Director,"William M. Lewis, Jr.",Board,New York Philharmonic
391,2013,Director,Alan S. MacDonald,Board,New York Philharmonic
392,2013,Director,Peter W. May,Board,New York Philharmonic
393,2013,Director,"Harold Mitchell, AC",Board,New York Philharmonic
394,2013,Director,Lizabeth A. Newman,Board,New York Philharmonic
395,2013,Director,Charles F. Niemeth,Board,New York Philharmonic
396,2013,Director,"C. Allen Parker, Esq.",Board,New York Philharmonic
397,2013,Director,Itzhak Perlman,Board,New York Philharmonic
398,2013,Director,Joel I. Picket,Board,New York Philharmonic
399,2013,Director,Antonio Quintella,Board,New York Philharmonic
400,2013,Director,Susan Rose,Board,New York Philharmonic
401,2013,Director,Carol D. Schaefer,Board,New York Philharmonic
402,2013,Director,Oscar S. Schafer,Board,New York Philharmonic
403,2013,Director,Shirley Bacot Shamel,Board,New York Philharmonic
404,2013,Director,Larry A. Silverstein,Board,New York Philharmonic
405,2014,Director,Motumu Takahashi,Board,New York Philharmonic
406,2013,Director,Oscar L. Tang,Board,New York Philharmonic
407,2013,Director,Pamela Thomas-Graham,Board,New York Philharmonic
408,2013,Director,Bobby Tudor,Board,New York Philharmonic
409,2013,Director,Ronald J. Ulrich,Board,New York Philharmonic
410,2014,Director,Daria L. Wallach,Board,New York Philharmonic
411,2014,Director,Mary L. Wallach,Board,New York Philharmonic
412,2013,Director,Sandra F. Warshawsky,Board,New York Philharmonic
413,2013,Chairman Emeritus,Paul B. Guenther,Board,New York Philharmonic
414,2013,Chairman Emeritus,Carlos Moseley,Board,New York Philharmonic
415,2013,Director Emeritus,Donald Blinken,Board,New York Philharmonic
416,2013,Director Emeritus,Edith S. Bouriez,Board,New York Philharmonic
417,2013,Director Emeritus,Dale M. Frehse,Board,New York Philharmonic
418,2013,Director Emeritus,Gunther E. Greiner,Board,New York Philharmonic
419,2013,Director Emeritus,William J. McDonough,Board,New York Philharmonic
420,2013,Director Emeritus,Phyllis J. Mills,Board,New York Philharmonic
421,2013,Director Emeritus,Donald A. Pels,Board,New York Philharmonic
422,2013,Director Emeritus,Paula L. Root,Board,New York Philharmonic
423,2013,Director Emeritus,Benjamin M. Rosen,Board,New York Philharmonic
424,2013,Director Emeritus,Joel E. Smilow,Board,New York Philharmonic
425,2013,Director Emeritus,Stephen Stamas,Board,New York Philharmonic
426,2013,Chairman,Sanford I. Weill,Board,Carnegie Hall
427,2013,Vice Chairman,Mercedes T. Bass,Board,Carnegie Hall
428,2013,Vice Chairman,Clarissa Alcock Bronfman,Board,Carnegie Hall
429,2013,Vice Chairman,Klaus Jacobs,Board,Carnegie Hall
430,2013,Vice Chairman,Peter W. May,Board,Carnegie Hall
431,2013,Vice Chairman,Ronald O. Perelman,Board,Carnegie Hall
432,2013,Vice Chairman,Burton P. Resnick,Board,Carnegie Hall
433,2013,Secretary,Kenneth J. Bialkin,Board,Carnegie Hall
434,2013,Treasurer,Edward C. Forst,Board,Carnegie Hall
435,2013,Executive and Artistic Director,Clive Gillenson,Board,Carnegie Hall
436,2013,Chairman Emeritus,Richard A. Debs,Board,Carnegie Hall
437,2013,Chairman Emeritus,James D. Wolfensohn,Board,Carnegie Hall
438,2013,Trustee,Earle S. Altman,Board,Carnegie Hall
439,2013,Trustee,Martina Arroyo,Board,Carnegie Hall
440,2013,Trustee,Emanuel Ax,Board,Carnegie Hall
441,2013,Trustee,Mercedes T. Bass,Board,Carnegie Hall
442,2013,Trustee,Norton Belknap,Board,Carnegie Hall
443,2013,Trustee,Ronald E. Blaylock,Board,Carnegie Hall
444,2013,Trustee,Nicola Bulgari,Board,Carnegie Hall
445,2013,Trustee,Yoko Nagae Ceschina,Board,Carnegie Hall
446,2013,Trustee,Gregory T. Durant,Board,Carnegie Hall
447,2013,Trustee,Judith W. Evnin,Board,Carnegie Hall
448,2013,Trustee,Anne M. Finucane,Board,Carnegie Hall
449,2013,Trustee,Ren√©e Fleming,Board,Carnegie Hall
450,2013,Trustee,Edward C. Forst,Board,Carnegie Hall
451,2013,Trustee,Marina Kellen French,Board,Carnegie Hall
452,2013,Trustee,Clive Gillinson,Board,Carnegie Hall
453,2013,Trustee,The Honorable Roy M. Goodman,Board,Carnegie Hall
454,2013,Trustee,Marilyn Horne,Board,Carnegie Hall
455,2013,Trustee,Stephen R. Howe Jr.,Board,Carnegie Hall
456,2013,Trustee,Frederick J. Iseman,Board,Carnegie Hall
457,2013,Trustee,Klaus Jacobs,Board,Carnegie Hall
458,2013,Trustee,Robert W. Jones,Board,Carnegie Hall
459,2013,Trustee,Gilbert Kaplan,Board,Carnegie Hall
460,2013,Trustee,Mark E. Kingdon,Board,Carnegie Hall
461,2013,Trustee,Suzie Kovner,Board,Carnegie Hall
462,2013,Trustee,Robert K. Kraft,Board,Carnegie Hall
463,2013,Trustee,Sallie L. Krawcheck,Board,Carnegie Hall
464,2013,Trustee,Lang Lang,Board,Carnegie Hall
465,2014,Trustee,Isabel Leonard,Board,Carnegie Hall
466,2013,Trustee,Robert I. Lipp,Board,Carnegie Hall
467,2013,Trustee,Terry J. Lundgren,Board,Carnegie Hall
468,2013,Trustee,Yo-Yo Ma,Board,Carnegie Hall
469,2013,Trustee,Thomas G. Maheras,Board,Carnegie Hall
470,2013,Trustee,Peter W. May,Board,Carnegie Hall
471,2013,Trustee,Audra McDonald,Board,Carnegie Hall
472,2013,Trustee,Harold McGraw III,Board,Carnegie Hall
473,2013,Trustee,Lester S. Morse Jr.,Board,Carnegie Hall
474,2013,Trustee,Dennis M. Nally,Board,Carnegie Hall
475,2013,Trustee,Joshua L. Nash,Board,Carnegie Hall
476,2013,Trustee,Frank N. Newman,Board,Carnegie Hall
477,2013,Trustee,Jessye Norman,Board,Carnegie Hall
478,2013,Trustee,William G. Parrett,Board,Carnegie Hall
479,2013,Trustee,Laura H. Pomerantz,Board,Carnegie Hall
480,2013,Trustee,Don M. Randel,Board,Carnegie Hall
481,2013,Trustee,Oscar de la Renta,Board,Carnegie Hall
482,2013,Trustee,Burton P. Resnick,Board,Carnegie Hall
483,2013,Trustee,Judith Rodin,Board,Carnegie Hall
484,2013,Trustee,William D. Rondina,Board,Carnegie Hall
485,2013,Trustee,Susan W. Rose,Board,Carnegie Hall
486,2013,Trustee,Charles M. Rosenthal,Board,Carnegie Hall
487,2013,Trustee,Sana H. Sabbagh,Board,Carnegie Hall
488,2013,Trustee,Suki Sandler,Board,Carnegie Hall
489,2013,Trustee,Mrs. Julio Mario Santo Domingo,Board,Carnegie Hall
490,2013,Trustee,Dr. Thomas P. Sculco,Board,Carnegie Hall
491,2013,Trustee,Henry T. Segerstrom,Board,Carnegie Hall
492,2013,Trustee,Stanley S. Shuman,Board,Carnegie Hall
493,2013,Trustee,David M. Siegel ,Board,Carnegie Hall
494,2013,Trustee,Sir Howard Stringer,Board,Carnegie Hall
495,2013,Trustee,Kurt G. Strovink,Board,Carnegie Hall
496,2013,Trustee,S. Donald Sussman,Board,Carnegie Hall
497,2013,Trustee,James Taylor,Board,Carnegie Hall
498,2013,Trustee,Linda J. Wachner,Board,Carnegie Hall
499,2013,Trustee,Judy Francis Zankel,Board,Carnegie Hall
500,2013,Trustee,John W. Zick,Board,Carnegie Hall
501,2013,Trustee,Ann Ziff,Board,Carnegie Hall
502,2013,Honorary trustee,Ralph M. Baruch,Board,Carnegie Hall
503,2013,Honorary trustee,Pierre Boulez,Board,Carnegie Hall
504,2013,Honorary trustee,Roberta Peters,Board,Carnegie Hall
505,2013,Honorary trustee,Felix G. Rohatyn,Board,Carnegie Hall
506,2013,Honorary trustee,George T. Wein,Board,Carnegie Hall
507,2013,President,Marc S. Lipschultz,Board,92Y
508,2013,Chairman of the Boad,Stuart J. Ellman,Board,92Y
509,2013,Treasurer/Chairman of the Finance Committee,Paul Levy,Board,92Y
510,2013,Secretary,Marcia Eppler Colvin,Board,92Y
511,2013,Director,Jody Gottfried Arnhold,Board,92Y
512,2013,Director,"Arthur Aufses, MD",Board,92Y
513,2013,Director,Glenn August,Board,92Y
514,2013,Director,Catherine H. Behrend,Board,92Y
515,2013,Director,Laurence D. Belfer,Board,92Y
516,2013,Director,Claire Benenson,Board,92Y
517,2013,Director,Michael Berland,Board,92Y
518,2013,Director,Len Blavatnik,Board,92Y
519,2013,Director,Thomas Block,Board,92Y
520,2013,Director,Matthew Bronfman*,Board,92Y
521,2013,Director,Kathy Chazen,Board,92Y
522,2013,Director,Andrew Crystal,Board,92Y
523,2013,Director,Richard Crystal,Board,92Y
524,2013,Director,"Stanley Edelman, MD",Board,92Y
525,2013,Director,Michael S. Feldberg,Board,92Y
526,2013,Director,Christy Ferer,Board,92Y
527,2013,Director,Rick Gerson,Board,92Y
528,2013,Director,Jeffrey B. Goldenberg,Board,92Y
529,2013,Director,Jane H. Goldman,Board,92Y
530,2013,Director,Michael Goldstein*,Board,92Y
531,2013,Director,Daniel R. Kaplan*,Board,92Y
532,2013,Director,Thomas S. Kaplan*,Board,92Y
533,2013,Director,Lori A. Kasowitz,Board,92Y
534,2013,Director,Richard L. Kay,Board,92Y
535,2013,Director,Jonathan Korngold,Board,92Y
536,2013,Director,Eric Lane,Board,92Y
537,2013,Director,Nancy Z. Lane,Board,92Y
538,2013,Director,Marc Lasry,Board,92Y
539,2013,Director,William P. Lauder,Board,92Y
540,2013,Director,Howard M. Lorber,Board,92Y
541,2013,Director,Fredric Mack*,Board,92Y
542,2013,Director,Richard J. Mack,Board,92Y
543,2013,Director,Irwin Miller,Board,92Y
544,2013,Director,Philip L. Milstein*,Board,92Y
545,2013,Director,Cheryl Minikes,Board,92Y
546,2013,Director,Andrea Olshan,Board,92Y
547,2013,Director,Martin J. Oppenheimer,Board,92Y
548,2013,Director,John Paulson,Board,92Y
549,2013,Director,Martin J. Rabinowitz,Board,92Y
550,2013,Director,David S. Rose,Board,92Y
551,2013,Director,Marcella Rosen,Board,92Y
552,2013,Director,Barry Rosenstein,Board,92Y
553,2013,Director,Michael S. Roth,Board,92Y
554,2013,Director,"Gail Michele Saltz, MD",Board,92Y
555,2013,Director,Mara Sandler,Board,92Y
556,2013,Director,Curtis Schenker,Board,92Y
557,2013,Director,David M. Schizer,Board,92Y
558,2013,Director,Dov Seidman,Board,92Y
559,2013,Director,Oliver Stanton,Board,92Y
560,2013,Director,Ronald Stein,Board,92Y
561,2013,Director,John Steinhardt,Board,92Y
562,2013,Director,Stuart Sucherman,Board,92Y
563,2013,Director,Bertram Teich,Board,92Y
564,2013,Director,Joan Tisch,Board,92Y
565,2013,Director,Eva Colin Usdan,Board,92Y
566,2013,Director,Kenneth L. Wallach,Board,92Y
567,2013,Director,Caryn Zucker,Board,92Y
568,2013,Honorary Director,Clive Chajet,Board,92Y
569,2013,Honorary Director,Jerome A. Chazen,Board,92Y
570,2013,Honorary Director,Gerald J. Grossman,Board,92Y
571,2013,Honorary Director,William H. Heyman,Board,92Y
572,2013,Honorary Director,Joan L. Jacobson*,Board,92Y
573,2013,Honorary Director,"Lee Katz, PhD",Board,92Y
574,2013,Honorary Director,Elena Hahn Kiam,Board,92Y
575,2013,Honorary Director,Peter W. May,Board,92Y
576,2013,Honorary Director,Mitchell J. Nelson,Board,92Y
577,2013,Honorary Director,Madeline I. Noveck,Board,92Y
578,2013,Honorary Director,Elihu Rose,Board,92Y
579,2013,Honorary Director,Judith O. Rubin*,Board,92Y
580,2013,Honorary Director,Ruth S. Stanton,Board,92Y
581,2013,Honorary Director,Harriet Weintraub,Board,92Y
582,2013,Honorary Director,Myrna Z. Weiss,Board,92Y
583,2013,Chairman,James S. Tisch,Board,WNET/NJTV/WLIW
584,2013,Vice Chairman,Charlotte Nichoson Ackert,Board,WNET/NJTV/WLIW
585,2013,Vice Chairman,Cheryl Milstein,Board,WNET/NJTV/WLIW
586,2013,Vice-Chairman,Ann G. Tenenbaum,Board,WNET/NJTV/WLIW
587,2013,Vice-Chairman,Dirk Ziff,Board,WNET/NJTV/WLIW
588,2013,Trustee,Waheed Alli,Board,WNET/NJTV/WLIW
589,2013,Trustee,John P. Arnhold,Board,WNET/NJTV/WLIW
590,2013,Trustee,Lisa M. Caputo,Board,WNET/NJTV/WLIW
591,2013,Trustee,Raymond G. Chambers,Board,WNET/NJTV/WLIW
592,2013,Trustee,Thomas J. Connolly,Board,WNET/NJTV/WLIW
593,2013,Trustee,Marina Kellen French,Board,WNET/NJTV/WLIW
594,2013,Trustee,Edward Grebow,Board,WNET/NJTV/WLIW
595,2013,Trustee,Jeffrey Halis,Board,WNET/NJTV/WLIW
596,2013,Trustee,Kitty Hawks,Board,WNET/NJTV/WLIW
597,2013,Trustee,Cecilia Healy Herbert,Board,WNET/NJTV/WLIW
598,2013,Trustee,Katherine Nouri Hughes,Board,WNET/NJTV/WLIW
599,2013,Trustee,Elise Jaffe,Board,WNET/NJTV/WLIW
600,2013,Trustee,Mark Kaplan,Board,WNET/NJTV/WLIW
601,2013,Trustee,David H. Koch,Board,WNET/NJTV/WLIW
602,2013,Trustee,John A. Levin ,Board,WNET/NJTV/WLIW
603,2013,Trustee,Daniel Levine,Board,WNET/NJTV/WLIW
604,2013,Trustee,Carol Sutton Lewis,Board,WNET/NJTV/WLIW
605,2013,Trustee,Thomas J. Moran,Board,WNET/NJTV/WLIW
606,2013,Trustee,Michael Peterson,Board,WNET/NJTV/WLIW
607,2013,Trustee,Judith Resnick,Board,WNET/NJTV/WLIW
608,2013,Trustee,Shelley F. Rubin ,Board,WNET/NJTV/WLIW
609,2013,Trustee,Geoffrey K. Sands,Board,WNET/NJTV/WLIW
610,2013,Trustee,Alejandro Santo Domingo,Board,WNET/NJTV/WLIW
611,2013,Trustee,Barry Shapiro ,Board,WNET/NJTV/WLIW
612,2013,Trustee,A.J.C. Smith,Board,WNET/NJTV/WLIW
613,2013,Trustee,Daniel H. Stern,Board,WNET/NJTV/WLIW
614,2013,Trustee,Paul P. Tanico,Board,WNET/NJTV/WLIW
615,2013,Trustee,Leonard Tow,Board,WNET/NJTV/WLIW
616,2013,Trustee,Thomas C. Uger,Board,WNET/NJTV/WLIW
617,2013,Trustee,Diana Vagelos,Board,WNET/NJTV/WLIW
618,2013,Trustee,Rosalind P. Walter,Board,WNET/NJTV/WLIW
619,2013,Trustee,Claude Becker Wassterstein,Board,WNET/NJTV/WLIW
620,2013,Trustee,Josh S. Weston,Board,WNET/NJTV/WLIW
621,2013,Trustee,Jane Stoddard Williams,Board,WNET/NJTV/WLIW
622,2013,Trustee,Paula Zahn,Board,WNET/NJTV/WLIW
623,2013,Life Trustee,William F. Baker,Board,WNET/NJTV/WLIW
624,2013,Life Trustee,Ralph M. Baruch,Board,WNET/NJTV/WLIW
625,2013,Life Trustee,Meredith Brokaw,Board,WNET/NJTV/WLIW
626,2013,Life Trustee,Elaine W. Conway,Board,WNET/NJTV/WLIW
627,2013,Life Trustee,Joan Ganz Cooney,Board,WNET/NJTV/WLIW
628,2013,Life Trustee,D. Ronald Daniel ,Board,WNET/NJTV/WLIW
629,2013,Life Trustee,Oscar de la Renta,Board,WNET/NJTV/WLIW
630,2013,Life Trustee,H. John Greeniaus ,Board,WNET/NJTV/WLIW
631,2013,Life Trustee,Thomas S. Johnson,Board,WNET/NJTV/WLIW
632,2013,Life Trustee,Betsy Lack,Board,WNET/NJTV/WLIW
633,2013,Life Trustee,Philip A. Laskawy ,Board,WNET/NJTV/WLIW
634,2013,Life Trustee,James S. Marcus,Board,WNET/NJTV/WLIW
635,2013,Life Trustee,Anthony D. Marshall,Board,WNET/NJTV/WLIW
636,2013,Life Trustee,Morris W. Offit,Board,WNET/NJTV/WLIW
637,2013,Life Trustee,George D. O'Neill,Board,WNET/NJTV/WLIW
638,2013,Life Trustee,Ponchitta Pierce ,Board,WNET/NJTV/WLIW
639,2013,Life Trustee,Elihu Rose,Board,WNET/NJTV/WLIW
640,2013,Life Trustee,Bernard L. Schwartz,Board,WNET/NJTV/WLIW
641,2013,Life Trustee,Stanley S. Shuman,Board,WNET/NJTV/WLIW
642,2013,Life Trustee,Marsha E. Simms,Board,WNET/NJTV/WLIW
643,2013,Life Trustee,Michael I. Sovern,Board,WNET/NJTV/WLIW
644,2013,Life Trustee,Scott M. Stuart,Board,WNET/NJTV/WLIW
645,2013,Life Trustee,Mortimer B. Zuckerman,Board,WNET/NJTV/WLIW
646,2013,Chairman Emeritus,William M. Elinghaus ,Board,WNET/NJTV/WLIW
647,2013,Chairman Emeritus,Henry R. Kravis,Board,WNET/NJTV/WLIW
648,2013,Chairman Emeritus,Steven R. Rattner,Board,WNET/NJTV/WLIW
649,2013,Vice-Chairman Emeritus,Richard I. Beattie,Board,WNET/NJTV/WLIW
650,2013,Vice-Chairman Emeritus,Elizabeth Rohatyn,Board,WNET/NJTV/WLIW
651,2013,NJTV Chairman,Josh S. Weston,Board,WNET/NJTV/WLIW
652,2013,NJTV Vice-Chairman,Elizabeth Thomas,Board,WNET/NJTV/WLIW
653,2013,NJTV Vice-Chairman,Anthony V. Bastardi,Board,WNET/NJTV/WLIW
654,2013,NJTV Trustee,Thomas A. Bracken ,Board,WNET/NJTV/WLIW
655,2013,NJTV Trustee,Bernard Flynn,Board,WNET/NJTV/WLIW
656,2013,NJTV Trustee,Edward Graham,Board,WNET/NJTV/WLIW
657,2013,NJTV Trustee,Gov. Thomas H. Kean,Board,WNET/NJTV/WLIW
658,2013,NJTV Trustee,Scott Kobler ,Board,WNET/NJTV/WLIW
659,2013,NJTV Trustee,Randall E. Mehrberg,Board,WNET/NJTV/WLIW
660,2013,NJTV Trustee,Brenda Ross-Dulan,Board,WNET/NJTV/WLIW
661,2013,NJTV Trustee,Neal Shapiro,Board,WNET/NJTV/WLIW
662,2013,NJTV Trustee,Robert L. Smartt,Board,WNET/NJTV/WLIW
663,2013,NJTV Trustee,Gary Wingens,Board,WNET/NJTV/WLIW
664,2013,President & Chief Executive Officer,Neal Shapiro,Board,WNET/NJTV/WLIW
665,2013,"Vice President, Chief Financial Officer $ Treasurer ",Caroline Croen,Board,WNET/NJTV/WLIW
666,2013,"Vice President, General Counsel & Secretary",Robert Feinberg,Board,WNET/NJTV/WLIW
667,2013,"Vice President, Development & Communications",Lisa Mantone,Board,WNET/NJTV/WLIW
668,2013,"Vice President, Programming",Stephen Segaller,Board,WNET/NJTV/WLIW
669,2013,"Vice President, Human Resources",Charlene Shapiro,Board,WNET/NJTV/WLIW
670,2013,"Vice President, Education",Carole Wacey,Board,WNET/NJTV/WLIW
671,2013,Thirteen General Manager,Roslyn Davis,Board,WNET/NJTV/WLIW
672,2013,WLIW General Manager,Diane Masciale,Board,WNET/NJTV/WLIW
673,2013,NJTV General Manager,John Servido,Board,WNET/NJTV/WLIW
674,2013,Creative News Group General Manager,Marc Rosenwasser,Board,WNET/NJTV/WLIW
675,2013,Interactive Engagement Group General Manager,Daniel Greenberg,Board,WNET/NJTV/WLIW
676,2014,Trustee,Marjorie Harris,Board,WNET/NJTV/WLIW
677,2014,Trustee,Grazia Svokos,Board,WNET/NJTV/WLIW
678,2014,Trustee,Grace Lyu Volkhausen,Board,WNET/NJTV/WLIW
679,2014,NJTV Trustee,Vincent Maione,Board,WNET/NJTV/WLIW
680,2014,NJTV Trustee,Robert A. Marino,Board,WNET/NJTV/WLIW
681,2014,NJTV Trustee,Barry H. Ostrowsy,Board,WNET/NJTV/WLIW
682,2013,BAM Board Chair,Alan H. Fishman,Board,Brooklyn Academy of Music
683,2013,BAM Board Vice Chairs,William I. Campbell,Board,Brooklyn Academy of Music
684,2013,BAM Board Vice Chairs,Adam E. Max,Board,Brooklyn Academy of Music
685,2013,President,Karen Brooks Hopkins,Board,Brooklyn Academy of Music
686,2013,Secretary,Joseph V. Melillo,Board,Brooklyn Academy of Music
687,2013,Treasurer ,James I. McLaren,Board,Brooklyn Academy of Music
688,2013,President Emeritus,Harvey Lichtenstein,Board,Brooklyn Academy of Music
689,2013,Member,Jeffrey H. Barker,Board,Brooklyn Academy of Music
690,2013,Member,Tony Bechara,Board,Brooklyn Academy of Music
691,2013,Member,Ren√© B√∂ttcher,Board,Brooklyn Academy of Music
692,2013,Member,Gordon Bowen,Board,Brooklyn Academy of Music
693,2013,Member,Linda Chinn,Board,Brooklyn Academy of Music
694,2013,Member,Henry Christensen III,Board,Brooklyn Academy of Music
695,2013,Member,Pamela A. Codispoti,Board,Brooklyn Academy of Music
696,2013,Member,David E. R. Dangoor,Board,Brooklyn Academy of Music
697,2013,Member,Cheryl Della Rosa,Board,Brooklyn Academy of Music
698,2013,Member,Dinyar S. Devitre,Board,Brooklyn Academy of Music
699,2013,Member,Beth Rudin DeWoody,Board,Brooklyn Academy of Music
700,2013,Member,Mark Diker,Board,Brooklyn Academy of Music
701,2013,Member,Andre Dua,Board,Brooklyn Academy of Music
702,2013,Member,Brendan J. Dugan,Board,Brooklyn Academy of Music
703,2013,Member,Th√©r√®se Esperdy,Board,Brooklyn Academy of Music
704,2013,Member,Teri Everett,Board,Brooklyn Academy of Music
705,2013,Member,Mallory Factor,Board,Brooklyn Academy of Music
706,2013,Member,"Ronald E. Feiner, Esq.",Board,Brooklyn Academy of Music
707,2013,Member,"Richard E. Feldman, Esq.",Board,Brooklyn Academy of Music
708,2013,Member,Steven G. Felsher,Board,Brooklyn Academy of Music
709,2013,Member,Jeanne Donovan Fisher,Board,Brooklyn Academy of Music
710,2013,Member,Barry M. Fox,Board,Brooklyn Academy of Music
711,2013,Member,MaryAnne Gilmartin,Board,Brooklyn Academy of Music
712,2013,Member,Robert M. Greenberg,Board,Brooklyn Academy of Music
713,2013,Member,G. Penn Holsenbeck,Board,Brooklyn Academy of Music
714,2013,Member,Anne Hubbard,Board,Brooklyn Academy of Music
715,2013,Member,Mark H. Jackson,Board,Brooklyn Academy of Music
716,2013,Member,Derek Jenkins,Board,Brooklyn Academy of Music
717,2013,Member,Mary Kantor,Board,Brooklyn Academy of Music
718,2013,Member,Daniel A. Klores,Board,Brooklyn Academy of Music
719,2013,Member,Edgar A. Lampert,Board,Brooklyn Academy of Music
720,2013,Member,Fran√ßois Letaconnoux,Board,Brooklyn Academy of Music
721,2013,Member,Gary Lynch,Board,Brooklyn Academy of Music
722,2013,Member,Martin F. Mertz,Board,Brooklyn Academy of Music
723,2013,Member,Patricia E. Michels,Board,Brooklyn Academy of Music
724,2013,Member,Ahrin Mishan,Board,Brooklyn Academy of Music
725,2013,Member,Donald R. Mullen Jr.,Board,Brooklyn Academy of Music
726,2013,Member,William A. Perlmuth,Board,Brooklyn Academy of Music
727,2013,Member,"David L. Ramsay, M.D., M.Ed.",Board,Brooklyn Academy of Music
728,2013,Member,Frances A. Resheske,Board,Brooklyn Academy of Music
729,2013,Member,Jonathan F.P. Rose,Board,Brooklyn Academy of Music
730,2013,Member,Anna Kuzmik Sampas,Board,Brooklyn Academy of Music
731,2013,Member,Alberto Sanchez,Board,Brooklyn Academy of Music
732,2013,Member,Timothy Sebunya,Board,Brooklyn Academy of Music
733,2013,Member,Adi Shamir,Board,Brooklyn Academy of Music
734,2013,Member,Danny Simmons,Board,Brooklyn Academy of Music
735,2013,Member,Jessica Smith,Board,Brooklyn Academy of Music
736,2013,Member,Brian Stafford,Board,Brooklyn Academy of Music
737,2013,Member,Joseph A. Stern,Board,Brooklyn Academy of Music
738,2013,Member,Pedro Torres Ciliberto,Board,Brooklyn Academy of Music
739,2013,Member,John L. Usdan,Board,Brooklyn Academy of Music
740,2013,Member,Brigitte Vosse,Board,Brooklyn Academy of Music
741,2013,Member,Nora Ann Wallace,Board,Brooklyn Academy of Music
742,2013,Member,Elaine Weinstein,Board,Brooklyn Academy of Music
743,2013,Member,Hon. Franklin R. Weissberg,Board,Brooklyn Academy of Music
744,2013,Member,"Vaughn C. Williams, Esq.",Board,Brooklyn Academy of Music
745,2013,Member,Adam Wolfensohn,Board,Brooklyn Academy of Music
746,2013,Member,Claire Wood,Board,Brooklyn Academy of Music
747,2013,Member,Andrew Zolli,Board,Brooklyn Academy of Music
748,2013,EX OFFICIO,Hon. Michael R. Bloomberg,Board,Brooklyn Academy of Music
749,2013,EX OFFICIO,Hon. Christine C. Quinn,Board,Brooklyn Academy of Music
750,2013,EX OFFICIO,Hon. Marty Markowitz,Board,Brooklyn Academy of Music
751,2013,EX OFFICIO,Hon. Kate D. Levin,Board,Brooklyn Academy of Music
752,2013,EX OFFICIO,Felice Forer Axelrod,Board,Brooklyn Academy of Music
753,2013,EX OFFICIO,Lela Goren,Board,Brooklyn Academy of Music
754,2013,CHAIRMEN EMERITI,Neil D. Chrisman,Board,Brooklyn Academy of Music
755,2013,CHAIRMEN EMERITI,Seth S. Faison,Board,Brooklyn Academy of Music
756,2013,CHAIRMEN EMERITI,Bruce C. Ratner,Board,Brooklyn Academy of Music
757,2013,HONORARY TRUSTEES,Robert L. Forbes,Board,Brooklyn Academy of Music
758,2013,HONORARY TRUSTEES,Charles J. Hamm,Board,Brooklyn Academy of Music
759,2013,HONORARY TRUSTEES,"Barbara B. Haws, C.A.",Board,Brooklyn Academy of Music
760,2013,HONORARY TRUSTEES,William Josephson,Board,Brooklyn Academy of Music
761,2013,HONORARY TRUSTEES,John Lipsky,Board,Brooklyn Academy of Music
762,2013,HONORARY TRUSTEES,Laurie Mallet,Board,Brooklyn Academy of Music
763,2013,HONORARY TRUSTEES,Cathy-Ann Martine,Board,Brooklyn Academy of Music
764,2014,Member,Elaine Weinstein,Board,Brooklyn Academy of Music
765,2014,Member,David L. Picket,Board,Brooklyn Academy of Music
766,2014,Member,Sarah C. Robertson,Board,Brooklyn Academy of Music
767,2014,Member,Bartholomew A. Sheehan III,Board,Brooklyn Academy of Music
768,2014,Member,Axel Stawski,Board,Brooklyn Academy of Music
769,2014,EX OFFICIO,Jamie Snow Markowitz,Board,Brooklyn Academy of Music
770,2014,HONORARY TRUSTEES,Mary Kantor,Board,Brooklyn Academy of Music
771,2013,President,Lawrence R. Ricciardi,Board,Morgan Museum & Library
772,2013,Vice President,James R. Houghton,Board,Morgan Museum & Library
773,2013,Vice President,Richard L. Menschel,Board,Morgan Museum & Library
774,2013,Treasurer ,George L. K. Frelinghuysen,Board,Morgan Museum & Library
775,2013,Secretary,Thomas J. Reid,Board,Morgan Museum & Library
776,2013,Trustee,Karen H. Bechtel,Board,Morgan Museum & Library
777,2013,Trustee,Rodney B. Berens,Board,Morgan Museum & Library
778,2013,Trustee,Susanna Borghese,Board,Morgan Museum & Library
779,2013,Trustee,T. Kimball Brooker,Board,Morgan Museum & Library
780,2013,Trustee,Karen B. Cohen,Board,Morgan Museum & Library
781,2013,Trustee,Flobelle Burden Davis,Board,Morgan Museum & Library
782,2013,Trustee,Geoffrey K. Elliott,Board,Morgan Museum & Library
783,2013,Trustee,Brian J. Higgins,Board,Morgan Museum & Library
784,2013,Trustee,Jerker M. Johansson,Board,Morgan Museum & Library
785,2013,Trustee,Clement C. Moore II,Board,Morgan Museum & Library
786,2013,Trustee,John A. Morgan,Board,Morgan Museum & Library
787,2013,Trustee,Diane A. Nixon,Board,Morgan Museum & Library
788,2013,Trustee,Cosima Pavoncelli,Board,Morgan Museum & Library
789,2013,Trustee,Peter Pennoyer,Board,Morgan Museum & Library
790,2013,Trustee,Cynthia Hazen Polsky,Board,Morgan Museum & Library
791,2013,Trustee,Katharine J. Rayner,Board,Morgan Museum & Library
792,2013,Trustee,Annette de la Renta,Board,Morgan Museum & Library
793,2013,Trustee,"Hamilton Robinson, Jr.",Board,Morgan Museum & Library
794,2013,Trustee,James A. Runde,Board,Morgan Museum & Library
795,2013,Trustee,James Baker Sitrick,Board,Morgan Museum & Library
796,2013,Trustee,Beatrice Stern,Board,Morgan Museum & Library
797,2013,Trustee,Jeffrey C. Walker,Board,Morgan Museum & Library
798,2013,Ex Officio,William T. Buice III,Board,Morgan Museum & Library
799,2013,Ex Officio,William M. Griswold,Board,Morgan Museum & Library
800,2013,Ex Officio,William James Wyer,Board,Morgan Museum & Library
801,2013,Life Trustee,William R. Acquavella,Board,Morgan Museum & Library
802,2013,Life Trustee,Walter Burke,Board,Morgan Museum & Library
803,2013,Life Trustee,"Haliburton Fales, 2d",Board,Morgan Museum & Library
804,2013,Life Trustee,"S. Parker Gilbert,",Board,Morgan Museum & Library
805,2013,Life Trustee,Drue Heinz,Board,Morgan Museum & Library
806,2013,Life Trustee,Lawrence Hughes,Board,Morgan Museum & Library
807,2013,Life Trustee,Herbert Kasper,Board,Morgan Museum & Library
808,2013,Life Trustee,Herbert L. Lucas,Board,Morgan Museum & Library
809,2013,Life Trustee,Charles F. Morgan,Board,Morgan Museum & Library
810,2013,Life Trustee,Robert M. Pennoyer,Board,Morgan Museum & Library
811,2013,Life Trustee,Elaine L. Rosenberg,Board,Morgan Museum & Library
812,2013,Life Trustee,Eugene V. Thaw,Board,Morgan Museum & Library
813,2013,Life Trustee,Ladislaus von Hoffmann,Board,Morgan Museum & Library
814,2013,Life Trustee,Baroness Mariuccia Zerilli-Marim√≤,Board,Morgan Museum & Library
815,2014,Trustee,Gary W. Parr,Board,Morgan Museum & Library
816,2012,Chairman,Thomas E. Tuft,Board,Roundabout Theatre
817,2012,Vice Chairman,Mary C. Solomon,Board,Roundabout Theatre
818,2012,President,Todd Haimes,Board,Roundabout Theatre
819,2012,Treasurer ,Samuel R. Chapin,Board,Roundabout Theatre
820,2012,Secretary,Lawrence Kaplen,Board,Roundabout Theatre
821,2012,Director,Alec Baldwin,Board,Roundabout Theatre
822,2012,Director,Jeffrey Barker,Board,Roundabout Theatre
823,2012,Director,Bill Borrelle,Board,Roundabout Theatre
824,2012,Director,Matthew Broderick,Board,Roundabout Theatre
825,2012,Director,"James J. Burke, Jr.",Board,Roundabout Theatre
826,2012,Director,Jim Carter,Board,Roundabout Theatre
827,2012,Director,Mary Cirillo-Goldberg,Board,Roundabout Theatre
828,2012,Director,Michael T. Cohen,Board,Roundabout Theatre
829,2012,Director,Mike de Graffenried,Board,Roundabout Theatre
830,2012,Director,Douglas Durst,Board,Roundabout Theatre
831,2012,Director,Sylvia Golden,Board,Roundabout Theatre
832,2012,Director,Patricia R. Goldstein,Board,Roundabout Theatre
833,2012,Director,John R. Gordon,Board,Roundabout Theatre
834,2012,Director,"Harry E. Gould, Jr.",Board,Roundabout Theatre
835,2012,Director,Perry B. Granoff,Board,Roundabout Theatre
836,2012,Director,Jeanne Hagerty,Board,Roundabout Theatre
837,2012,Director,Meryl D. Hartzband,Board,Roundabout Theatre
838,2012,Director,Maureen A. Hayes,Board,Roundabout Theatre
839,2012,Director,Abby F. Kohnstamm,Board,Roundabout Theatre
840,2012,Director,Gene R. Korf,Board,Roundabout Theatre
841,2012,Director,Stephanie Kramer,Board,Roundabout Theatre
842,2012,Director,Carole S. Krumland,Board,Roundabout Theatre
843,2012,Director,Cathy Lasry,Board,Roundabout Theatre
844,2012,Director,Mark J. Manoff,Board,Roundabout Theatre
845,2012,Director,David E. Massengill,Board,Roundabout Theatre
846,2012,Director,"John P. McGarry, Jr.",Board,Roundabout Theatre
847,2012,Director,Cynthia Nixon,Board,Roundabout Theatre
848,2012,Director,Katheryn Patterson Kempner,Board,Roundabout Theatre
849,2012,Director,Laura Pels,Board,Roundabout Theatre
850,2012,Director,Charles Randolph-Wright,Board,Roundabout Theatre
851,2012,Director,Gregg Rechler,Board,Roundabout Theatre
852,2012,Director,Steven A. Sanders,Board,Roundabout Theatre
853,2012,Director,Steven Schroko,Board,Roundabout Theatre
854,2012,Director,Beryl Snyder,Board,Roundabout Theatre
855,2012,Director,Alyce Toonk,Board,Roundabout Theatre
856,2012,Director,Johs Worsoe,Board,Roundabout Theatre
857,2012,Director,Adam Zurofsky,Board,Roundabout Theatre
858,2012,CHAIRMEN EMERITI,Christian C. Yegen,Board,Roundabout Theatre
859,2012,Chairmen EMERITI,Steven F. Goldstone,Board,Roundabout Theatre
860,2012,Diectors Emeriti,Bob Donnalley,Board,Roundabout Theatre
861,2012,Direcors Emeriti,Carol Mitchell,Board,Roundabout Theatre
862,2012,Artistic Director,Todd Haimes,Board,Roundabout Theatre
863,2012,Managing Director,Harold Wolpert,Board,Roundabout Theatre
864,2012,Executive Director,Julia C. Levy,Board,Roundabout Theatre
865,2012,Adams Associate/Artistic Director,Scott Ellis,Board,Roundabout Theatre
866,2012,Chairman Leadership Council,Yolanda R. Turocy,Board,Roundabout Theatre
867,2012,Leadership Council,Polly Bergen,Board,Roundabout Theatre
868,2012,Leadership Council,Henry Cooperman,Board,Roundabout Theatre
869,2012,Leadership Council,Linda L. D\Onofrio,Board,Roundabout Theatre
870,2012,Leadership Council,Christopher M. Formant,Board,Roundabout Theatre
871,2012,Leadership Council,Boyd Gaines,Board,Roundabout Theatre
872,2012,Leadership Council,Ned Ginty,Board,Roundabout Theatre
873,2012,Leadership Council,Jodi Glucksman,Board,Roundabout Theatre
874,2012,Leadership Council,Carmen Grossman,Board,Roundabout Theatre
875,2012,Leadership Council,Barbara McIntyre Hack,Board,Roundabout Theatre
876,2012,Leadership Council,Jeannette Hobson,Board,Roundabout Theatre
877,2012,Leadership Council,H. Brett Humphreys,Board,Roundabout Theatre
878,2012,Leadership Council,Cherry Jones,Board,Roundabout Theatre
879,2012,Leadership Council,JoAnne Kennedy,Board,Roundabout Theatre
880,2012,Leadership Council,Frank Langella,Board,Roundabout Theatre
881,2012,Leadership Council,Helen Mirren,Board,Roundabout Theatre
882,2012,Leadership Council,Brian Murray,Board,Roundabout Theatre
883,2012,Leadership Council,Liam Neeson,Board,Roundabout Theatre
884,2012,Leadership Council,Christopher Plummer,Board,Roundabout Theatre
885,2012,Leadership Council,Ron Rifkin,Board,Roundabout Theatre
886,2012,Leadership Council,Laura S. Rodgers,Board,Roundabout Theatre
887,2012,Leadership Council,Patricia A. Stockhausen,Board,Roundabout Theatre
888,2012,Leadership Council,Janis Ing Strauss,Board,Roundabout Theatre
889,2012,Leadership Council,Cynthia C. Wainwright,Board,Roundabout Theatre
890,2012,Leadership Council,Barry C. Waldorf,Board,Roundabout Theatre
891,2012,Leadership Council,Tony Walton,Board,Roundabout Theatre
892,2013,Director,Mary G. Cadagin,Board,Roundabout Theatre
893,2013,Director,Marvin Rosen,Board,Roundabout Theatre
894,2013,General Manager,Sydney Beers,Board,Roundabout Theatre
895,2013,Leadership Council,Karen McKeel Calby,Board,Roundabout Theatre
896,2013,Leadership Council,Robert Schaffer,Board,Roundabout Theatre
897,2013,Leadership Council,Mark Tamagni,Board,Roundabout Theatre
898,2013,Honorary Chairman,David Rockefeller,Board,MoMA
899,2013,Honorary Chairman,Ronald S. Lauder,Board,MoMA
900,2013,Chairman Emeritus,Robert B. Menschel,Board,MoMA
901,2013,President Emerita,Agnes Gund,Board,MoMA
902,2013,President Emerita,Donald B. Marron,Board,MoMA
903,2013,Chairman,Jerry I. Speyer,Board,MoMA
904,2013,President,Marie-Jos√©e Kravis,Board,MoMA
905,2013,Vice Chairmen,Sid R. Bass,Board,MoMA
906,2013,Vice Chairmen,Leon D. Black,Board,MoMA
907,2013,Vice Chairmen,Mimi Haas,Board,MoMA
908,2013,Vice Chairmen,Richard E. Salomon,Board,MoMA
909,2013,Director,Glenn D. Lowry,Board,MoMA
910,2013,Treasurer,Richard E. Salomon,Board,MoMA
911,2013,Assistant Treasurer,James Gara,Board,MoMA
912,2013,Secretary,Patty Lipshutz,Board,MoMA
913,2013,Life Trustees,Wallis Annenberg,Board,MoMA
914,2013,Life Trustees,Sid R. Bass,Board,MoMA
915,2013,Life Trustees,Lawrence B. Benenson,Board,MoMA
916,2013,Life Trustees,Leon D. Black,Board,MoMA
917,2013,Life Trustees,Clarissa Alcock Bronfman,Board,MoMA
918,2013,Life Trustees,Patricia Phelps de Cisneros,Board,MoMA
919,2013,Life Trustees,Paula Crown,Board,MoMA
920,2013,Life Trustees,David Dechman,Board,MoMA
921,2013,Life Trustees,Glenn Dubin,Board,MoMA
922,2013,Life Trustees,John Elkann,Board,MoMA
923,2013,Life Trustees,Laurence Fink,Board,MoMA
924,2013,Life Trustees,Kathleen Fuld,Board,MoMA
925,2013,Life Trustees,Howard Gardner,Board,MoMA
926,2013,Life Trustees,Anne Dias Griffin,Board,MoMA
927,2013,Life Trustees,Agnes Gund,Board,MoMA
928,2013,Life Trustees,Mimi Haas,Board,MoMA
929,2013,Life Trustees,Alexandra A. Herzan,Board,MoMA
930,2013,Life Trustees,Marlene Hess,Board,MoMA
931,2013,Life Trustees,AC Hudgins,Board,MoMA
932,2013,Life Trustees,Jill Kraus,Board,MoMA
933,2013,Life Trustees,Marie-JoseÅe Kravis,Board,MoMA
934,2013,Life Trustees,Ronald S. Lauder,Board,MoMA
935,2013,Life Trustees,Thomas H. Lee,Board,MoMA
936,2013,Life Trustees,Michael Lynne,Board,MoMA
937,2013,Life Trustees,Philip S. Niarchos,Board,MoMA
938,2013,Life Trustees,James G. Niven,Board,MoMA
939,2013,Life Trustees,Peter Norton,Board,MoMA
940,2013,Life Trustees,Maja Oeri,Board,MoMA
941,2013,Life Trustees,Michael S. Ovitz,Board,MoMA
942,2013,Life Trustees,Richard D. Parsons,Board,MoMA
943,2013,Life Trustees,Ronald O. Perelman,Board,MoMA
944,2013,Life Trustees,David Rockefeller,Board,MoMA
945,2013,Life Trustees,Sharon Percy Rockefeller,Board,MoMA
946,2013,Life Trustees,Richard E. Salomon,Board,MoMA
947,2013,Life Trustees,Marcus Samuelsson,Board,MoMA
948,2013,Life Trustees,Anna Deavere Smith,Board,MoMA
949,2013,Life Trustees,Jerry I. Speyer,Board,MoMA
950,2013,Life Trustees,Ricardo Steinbruch,Board,MoMA
951,2013,Life Trustees,Alice M. Tisch,Board,MoMA
952,2013,Life Trustees,Gary Winnick,Board,MoMA
953,2013,Honorary Trustees,Eli Broad,Board,MoMA
954,2013,Honorary Trustees,Douglas S. Cramer,Board,MoMA
955,2013,Honorary Trustees,Joel S. Ehrenkranz,Board,MoMA
956,2013,Honorary Trustees,Gianluigi Gabetti,Board,MoMA
957,2013,Honorary Trustees,Barbara Jakobson,Board,MoMA
958,2013,Honorary Trustees,Werner H. Kramarsky,Board,MoMA
959,2013,Honorary Trustees,June Noble Larkin,Board,MoMA
960,2013,Honorary Trustees,Donald B. Marron,Board,MoMA
961,2013,Honorary Trustees,Robert B. Menschel,Board,MoMA
962,2013,Honorary Trustees,Peter G. Peterson,Board,MoMA
963,2013,Honorary Trustees,Emily Rauh Pulitzer,Board,MoMA
964,2013,Honorary Trustees,David Rockefeller,Board,MoMA
965,2013,Honorary Trustees,Anna Marie Shapiro,Board,MoMA
966,2013,Honorary Trustees,Jeanne C. Thayer,Board,MoMA
967,2013,Honorary Trustees,Joan Tisch,Board,MoMA
968,2013,Honorary Trustees,Edgar Wachenheim III,Board,MoMA
969,2013,Ex-Officio,Lin Arison,Board,MoMA
970,2013,Ex-Officio,Mrs. Jan Cowles,Board,MoMA
971,2013,Ex-Officio,Lewis B. Cullman,Board,MoMA
972,2013,Ex-Officio,H.R.H. Duke Franz of Bavaria,Board,MoMA
973,2013,Ex-Officio,Maurice R. Greenberg,Board,MoMA
974,2013,Ex-Officio,Wynton Marsalis,Board,MoMA
975,2013,Director Emeritus,Richard E. Oldenburg,Board,MoMA
976,2013,Ex-Officio,Mrs. Milton Petrie,Board,MoMA
977,2013,Ex-Officio,Lord Rogers of Riverside,Board,MoMA
978,2013,Ex-Officio,Ted Sann,Board,MoMA
979,2013,Ex-Officio,Gilbert Silverman,Board,MoMA
980,2013,Ex-Officio,Yoshio Taniguchi,Board,MoMA
981,2013,Ex-Officio,David Teiger,Board,MoMA
982,2013,Ex-Officio,Eugene V. Thaw,Board,MoMA
983,2013,Director,Glenn D. Lowry,Board,MoMA
984,2013,Chairman of the Board of MoMA PS1,Agnes Gund,Board,MoMA
985,2013,Mayor of the City of New York,Michael R. Bloomberg,Board,MoMA
986,2013,Mayor\s Designee,Susan K. Freedman,Board,MoMA
987,2013,Speaker of the Council of the City of New York,Christine C. Quinn,Board,MoMA
988,2013,Speaker\s Designee,Barbaralee Diamonstein-Spielvogel,Board,MoMA
989,2013,Comptroller of the City of New York,John C. Liu,Board,MoMA
990,2013,Comptroller\s Designee,Chung Seto,Board,MoMA
991,2013,President of the International Council,Sharon Percy Rockefeller,Board,MoMA
992,2013,Co-Chairmen of The Contemporary Arts Council,Christopher Lee Apgar and Ann Schaffer,Board,MoMA
993,2014,Mayor of the City of New York,Bill de Blasio,Board,MoMA
994,2014,Comptroller of the City of New York,Scott M. Stringer,Board,MoMA
995,2014,Comptroller\s Designee,Aby Rosen,Board,MoMA
996,2014,Speaker of the Council of the City of New York,Melissa Mark-Viverito,Board,MoMA
997,2013,Chair,Anthony W. Crowell,Board,Brooklyn Public Library
998,2013,Vice Chair,Nicholas A. Gravante Jr.,Board,Brooklyn Public Library
999,2013,Vice Chair,Miriam Katowitz,Board,Brooklyn Public Library
1000,2013,Treasurer,Peter Aschkenasy,Board,Brooklyn Public Library
1001,2013,Secretary,Antonia Yuille Williams,Board,Brooklyn Public Library
1002,2013,Mayor of the City of New York,Michael R. Bloomberg,Board,Brooklyn Public Library
1003,2013,President of the Borough of Brooklyn,Marty Markowitz,Board,Brooklyn Public Library
1004,2013,Speaker of the New York City Council,Christine C. Quinn,Board,Brooklyn Public Library
1005,2013,Comptroller of the City of New York,John C. Liu,Board,Brooklyn Public Library
1006,2013,members,Jordan Barowitz,Board,Brooklyn Public Library
1007,2013,members,Bonnie Bellamy-Watkins,Board,Brooklyn Public Library
1008,2013,members,Michael Best,Board,Brooklyn Public Library
1009,2013,members,Kwanza Butler,Board,Brooklyn Public Library
1010,2013,members,Iris Y. Chiu,Board,Brooklyn Public Library
1011,2013,members,Nina Collins,Board,Brooklyn Public Library
1012,2013,members,Joseph I. Douek,Board,Brooklyn Public Library
1013,2013,members,Jeff Gennette,Board,Brooklyn Public Library
1014,2013,members,Hon. Ira B. Harkavy,Board,Brooklyn Public Library
1015,2013,members,Kyle Kimball,Board,Brooklyn Public Library
1016,2013,members,Michael Liburd,Board,Brooklyn Public Library
1017,2013,members,Susan Marcinek,Board,Brooklyn Public Library
1018,2013,members,Gino P. Menchini,Board,Brooklyn Public Library
1019,2013,members,Hon. Alice Fisher Rubin,Board,Brooklyn Public Library
1020,2013,members,Sandra Schubert,Board,Brooklyn Public Library
1021,2013,members,Robin Shanus,Board,Brooklyn Public Library
1022,2013,members,Christina Tettonis,Board,Brooklyn Public Library
1023,2013,members,Leticia Theodore-Greene,Board,Brooklyn Public Library
1024,2013,members,Dr. Lucille C. Thomas,Board,Brooklyn Public Library
1025,2013,President & CEO,Linda E. Johnson,Board,Brooklyn Public Library
1026,2014,Chair,"Nicholas A. Gravante, Jr.",Board,Brooklyn Public Library
1027,2014,Vice Chair,Kyle Kimball,Board,Brooklyn Public Library
1028,2014,Secretary,Robin Shanus,Board,Brooklyn Public Library
1029,2014,Mayor of the City of New York,Bill de Blasio,Board,Brooklyn Public Library
1030,2014,President of the Borough of Brooklyn,Eric Adams,Board,Brooklyn Public Library
1031,2014,Speaker of the New York City Council,Melissa Mark-Viverito,Board,Brooklyn Public Library
1032,2014,Comptroller of the City of New York,Scott M. Stringer,Board,Brooklyn Public Library
1033,2014,Members,Anthony W. Crowell,Board,Brooklyn Public Library
1034,2014,Members,Joseph I. Douek,Board,Brooklyn Public Library
1035,2014,Members,Jeff Gennette,Board,Brooklyn Public Library
1036,2014,Members,Hank Gutman,Board,Brooklyn Public Library
1037,2014,Members,Cindi Leive,Board,Brooklyn Public Library
1038,2014,Members,Kim-Thu Posnett,Board,Brooklyn Public Library
1039,2014,Members,Lisa Price,Board,Brooklyn Public Library