TYPE,Name,ID,Institution,Amount,Year
DONOR,"Anonymous",1,MoMA,"unknown",2013
DONOR,"Bloomberg",2,MoMA,"unknown",2013
DONOR,"Cartier",3,MoMA,"unknown",2013
DONOR,"CBS Outdoor",4,MoMA,"unknown",2013
DONOR,"Chase Private Client",5,MoMA,"unknown",2013
DONOR,"Forbes",6,MoMA,"unknown",2013
DONOR,"Goldman Sachs",7,MoMA,"unknown",2013
DONOR,"Hanjin Shipping",8,MoMA,"unknown",2013
DONOR,"Hyundai Card Co., Ltd.",9,MoMA,"unknown",2013
DONOR,"Inc. Magazine",10,MoMA,"unknown",2013
DONOR,"Lufthansa",11,MoMA,"unknown",2013
DONOR,"Mindshare USA",12,MoMA,"unknown",2013
DONOR,"The New York Review of Books",13,MoMA,"unknown",2013
DONOR,"Samsung Electronics America, Inc.",14,MoMA,"unknown",2013
DONOR,"Sotheby¬°¬¶s, Inc.",15,MoMA,"unknown",2013
DONOR,"Target",16,MoMA,"unknown",2013
DONOR,"UNIQLO USA, Inc.",17,MoMA,"unknown",2013
DONOR,"Volkswagen of America, Inc.",18,MoMA,"unknown",2013
DONOR,"The Wall Street Journal",19,MoMA,"unknown",2013
DONOR,"AEA Investors LP",20,MoMA,"unknown",2013
DONOR,"Alix Partners LLP",21,MoMA,"unknown",2013
DONOR,"Anonymous",22,MoMA,"unknown",2013
DONOR,"Association of Independent",23,MoMA,"unknown",2013
DONOR,"Commercial Producers (AICP)",24,MoMA,"unknown",2013
DONOR,"BASF Corporation",25,MoMA,"unknown",2013
DONOR,"BlackRock",26,MoMA,"unknown",2013
DONOR,"BNY Mellon",27,MoMA,"unknown",2013
DONOR,"Citi",28,MoMA,"unknown",2013
DONOR,"Cond_ Nast",29,MoMA,"unknown",2013
DONOR,"Credit Suisse",30,MoMA,"unknown",2013
DONOR,"Deutsche Bank",31,MoMA,"unknown",2013
DONOR,"Experian CheetahMail",32,MoMA,"unknown",2013
DONOR,"Ellen and Bill Taubman",33,MoMA,"25,000-49,999",2014
DONOR,"William H. Kearns Foundation",34,MoMA,"25,000-49,999",2014
DONOR,"Anna-Maria and Stephen Kellen Foundation",35,MoMA,"15,000-24,999",2014
DONOR,"Thea Duell and Peter Cook",36,MoMA,"15,000-24,999",2014
DONOR,"F.M. Kirby Foundation, Inc.",37,MoMA,"15,000-24,999",2014
DONOR,"The Gage Fund",38,MoMA,"15,000-24,999",2014
DONOR,"The Jana Foundation, Inc.",39,MoMA,"15,000-24,999",2014
DONOR,"Joseph and Sophia Abeles Foundation, Inc.",40,MoMA,"15,000-24,999",2014
DONOR,"LLWW Foundation",41,MoMA,"15,000-24,999",2014
DONOR,"Jane K. Lombard",42,MoMA,"15,000-24,999",2014
DONOR,"Wendy Stark Morrissey",43,MoMA,"15,000-24,999",2014
DONOR,"James G. Niven",44,MoMA,"15,000-24,999",2014
DONOR,"Mariana Pfaelzer",45,MoMA,"15,000-24,999",2014
DONOR,"Emily Rauh Pulitzer",46,MoMA,"15,000-24,999",2014
DONOR,"Mr. and Mrs. Eugene V. Thaw",47,MoMA,"15,000-24,999",2014
DONOR,"Anonymous",48,MoMA,"10,000-14,999",2014
DONOR,"Daniel Adams",49,MoMA,"10,000-14,999",2014
DONOR,"Adele Block",50,MoMA,"10,000-14,999",2014
DONOR,"Christopher E. Buck",51,MoMA,"10,000-14,999",2014
DONOR,"Carl Jacobs Foundation",52,MoMA,"10,000-14,999",2014
DONOR,"Denise and David Chase",53,MoMA,"10,000-14,999",2014
DONOR,"Joe and Diana DiMenna",54,MoMA,"10,000-14,999",2014
DONOR,"Kathleen and Richard S. Fuld, Jr.",55,MoMA,"10,000-14,999",2014
DONOR,"Liane Ginsberg",56,MoMA,"10,000-14,999",2014
DONOR,"Neal D. Goldman",57,MoMA,"10,000-14,999",2014
DONOR,"Richard Gordon",58,MoMA,"10,000-14,999",2014
DONOR,"Federation of Italian American",59,Brooklyn Public Library,"$500+",2014
DONOR,"Organizations of Brooklyn",60,Brooklyn Public Library,"$500+",2014
DONOR,"The Honorable Alice Fisher Rubin & Mr. Lowell Rubin",61,Brooklyn Public Library,"$500+",2014
DONOR,"Mary & Robert Frenzel-Berra",62,Brooklyn Public Library,"$500+",2014
DONOR,"Diane & Eric Fung",63,Brooklyn Public Library,"$500+",2014
DONOR,"Mary Rose Gasner",64,Brooklyn Public Library,"$500+",2014
DONOR,"Linda Gibbs & Thomas L. McMahon Marilyn Go & Richard H. Dolan",65,Brooklyn Public Library,"$500+",2014
DONOR,"Dana K. Goldberg & David M. Woloch Johanna Goldfeld & Bradley M. Rank Hilarie M. Goodenough",66,Brooklyn Public Library,"$500+",2014
DONOR,"Roberta & Michael Gordon",67,Brooklyn Public Library,"$500+",2014
DONOR,"Karen Nelson & Daniel L. Greenberg",68,Brooklyn Public Library,"$500+",2014
DONOR,"Greenebuild, LLC",69,Brooklyn Public Library,"$500+",2014
DONOR,"Linda Hacker",70,Brooklyn Public Library,"$500+",2014
DONOR,"Billy Hall",71,Brooklyn Public Library,"$500+",2014
DONOR,"Elizabeth Hansen",72,Brooklyn Public Library,"$500+",2014
DONOR,"Susannah & Spencer Harrington China & Michael Hoffman Melissa Hsiung & David Packer Shari C. Hyman & Daniel Horwitz",73,Brooklyn Public Library,"$500+",2014
DONOR,"Richard W. Hulbert",74,Brooklyn Public Library,"$500+",2014
DONOR,"Infor",75,Brooklyn Public Library,"$500+",2014
DONOR,"Investors Bank",76,Brooklyn Public Library,"$500+",2014
DONOR,"Michael Jackson",77,Brooklyn Public Library,"$500+",2014
BOARD MEMBER,"Alan Rappaport",78,American Museum of Natural History,"-",2013
BOARD MEMBER,"Ann Ziff",79,American Museum of Natural History,"-",2014
BOARD MEMBER,"Anna Deavere Smith",80,American Museum of Natural History,"-",2014
BOARD MEMBER,"Anne Sidamon-Eristoff",81,American Museum of Natural History,"-",2013
BOARD MEMBER,"Archibald Cox Jr.",82,American Museum of Natural History,"-",2013
BOARD MEMBER,"Charles E. Phillips Jr.",83,American Museum of Natural History,"-",2013
BOARD MEMBER,"Charles H. Mott",84,American Museum of Natural History,"-",2013
BOARD MEMBER,"Christine A. Varney",85,American Museum of Natural History,"-",2013
BOARD MEMBER,"Christopher C. Davis",86,American Museum of Natural History,"-",2013
BOARD MEMBER,"David H. Koch",87,American Museum of Natural History,"-",2013
BOARD MEMBER,"David S. Gottesman",88,American Museum of Natural History,"-",2013
BOARD MEMBER,"Edwin H. Morgens",89,American Museum of Natural History,"-",2013
BOARD MEMBER,"Ellen V. Futter",90,American Museum of Natural History,"-",2013
BOARD MEMBER,"Fiona Druckenmiller",91,American Museum of Natural History,"-",2013
BOARD MEMBER,"Frank V. Sica",92,American Museum of Natural History,"-",2013
BOARD MEMBER,"Frederick A. Klingenstein",93,American Museum of Natural History,"-",2013
BOARD MEMBER,"Helene D. Gayle",94,American Museum of Natural History,"-",2013
BOARD MEMBER,"Helene L. Kaplan",95,American Museum of Natural History,"-",2013
BOARD MEMBER,"Ilene Sackler Lefcourt",96,American Museum of Natural History,"-",2013
BOARD MEMBER,"Irma Milstein",97,American Museum of Natural History,"-",2013
BOARD MEMBER,"Jackie Bezos",98,American Museum of Natural History,"-",2014
BOARD MEMBER,"Joseph H. Gleberman",99,American Museum of Natural History,"-",2013
BOARD MEMBER,"Katheryn P. Kempner",100,American Museum of Natural History,"-",2013
BOARD MEMBER,"Kenneth L. Wallach",101,American Museum of Natural History,"-",2014
BOARD MEMBER,"Laura Baudo Sillerman",102,American Museum of Natural History,"-",2014
BOARD MEMBER,"Lewis W. Bernard",103,American Museum of Natural History,"-",2013
BOARD MEMBER,"Linda R. Macaulay",104,American Museum of Natural History,"-",2013
BOARD MEMBER,"Lorne Michaels",105,American Museum of Natural History,"-",2013
BOARD MEMBER,"Louis V. Gerstner Jr.",106,American Museum of Natural History,"-",2013
BOARD MEMBER,"Marlene Hess",107,American Museum of Natural History,"-",2013
BOARD MEMBER,"Mary C. Solomon",108,American Museum of Natural History,"-",2013
BOARD MEMBER,"Nancy B. Fessenden",109,American Museum of Natural History,"-",2013
BOARD MEMBER,"Peter J. Solomon",110,American Museum of Natural History,"-",2013
BOARD MEMBER,"Rebekah Mercer",111,American Museum of Natural History,"-",2014
BOARD MEMBER,"Richard D. Parsons",112,American Museum of Natural History,"-",2013
BOARD MEMBER,"Richard E. Jaffe",113,American Museum of Natural History,"-",2013
BOARD MEMBER,"Richard Gilder",114,American Museum of Natural History,"-",2013
BOARD MEMBER,"Richard L. Revesz",115,American Museum of Natural History,"-",2013
BOARD MEMBER,"Richard S. LeFrak",116,American Museum of Natural History,"-",2013
BOARD MEMBER,"Robert G. Goelet",117,American Museum of Natural History,"-",2013
BOARD MEMBER,"Roberto A. Mignone",118,American Museum of Natural History,"-",2013
BOARD MEMBER,"Roger C. Altman",119,American Museum of Natural History,"-",2013
BOARD MEMBER,"Scott L. Bok",120,American Museum of Natural History,"-",2013
BOARD MEMBER,"Shaiza Rizavi",121,American Museum of Natural History,"-",2014
BOARD MEMBER,"Sibyl R. Golden",122,American Museum of Natural History,"-",2013
BOARD MEMBER,"Stephanie Bell-Rose",123,American Museum of Natural History,"-",2013
BOARD MEMBER,"Tamsen Ann Ziff",124,American Museum of Natural History,"-",2013
BOARD MEMBER,"Theodore A. Mathas",125,American Museum of Natural History,"-",2013
BOARD MEMBER,"Theodore Roosevelt IV",126,American Museum of Natural History,"-",2013
BOARD MEMBER,"Tina Fey",127,American Museum of Natural History,"-",2013
BOARD MEMBER,"Tom Brokaw",128,American Museum of Natural History,"-",2013
BOARD MEMBER,"Valerie S. Peltier",129,American Museum of Natural History,"-",2014
BOARD MEMBER,"Victor Marrero",130,American Museum of Natural History,"-",2014
BOARD MEMBER,"Virginia Hearst Randt",131,American Museum of Natural History,"-",2013
BOARD MEMBER,"Vivian H. Donnelley",132,American Museum of Natural History,"-",2013
BOARD MEMBER,"Walter V. Shipley",133,American Museum of Natural History,"-",2013
BOARD MEMBER,"\®Frank A. Bennack, Jr.",134,Lincoln Center,"-",2012
BOARD MEMBER,"Adrienne Arsht",135,Lincoln Center,"-",2012
BOARD MEMBER,"Alair A. Townsend",136,Lincoln Center,"-",2012
BOARD MEMBER,"Ann Unterberg",137,Lincoln Center,"-",2012
BOARD MEMBER,"Ann Ziff",138,Lincoln Center,"-",2012
BOARD MEMBER,"Anna Nikolayevsky  Benton",139,Lincoln Center,"-",2013
BOARD MEMBER,"Audra McDonald",140,Lincoln Center,"-",2012
BOARD MEMBER,"Audrey Butvay Gruss",141,Lincoln Center,"-",2012
BOARD MEMBER,"Barbara Walters",142,Lincoln Center,"-",2012
BOARD MEMBER,"Bart Friedman",143,Lincoln Center,"-",2012
BOARD MEMBER,"Bennett J. Goodman",144,Lincoln Center,"-",2013
BOARD MEMBER,"Betty Levin",145,Lincoln Center,"-",2012
BOARD MEMBER,"Blair W. Effron",146,Lincoln Center,"-",2012
BOARD MEMBER,"Bruce Kovner",147,Lincoln Center,"-",2012
BOARD MEMBER,"Bryan Lourd",148,Lincoln Center,"-",2012
BOARD MEMBER,"Christina Baker",149,Lincoln Center,"-",2012
BOARD MEMBER,"Christopher J. Williams",150,Lincoln Center,"-",2012
BOARD MEMBER,"Clara Wu Tsai",151,Lincoln Center,"-",2012
BOARD MEMBER,"Daniel Crown",152,Lincoln Center,"-",2012
BOARD MEMBER,"Daniel H. Stern",153,Lincoln Center,"-",2012
BOARD MEMBER,"Daniel S. Och",154,Lincoln Center,"-",2012
BOARD MEMBER,"David A. Hunt",155,Lincoln Center,"-",2012
BOARD MEMBER,"David Alan Coulter",156,Lincoln Center,"-",2012
BOARD MEMBER,"David H. Koch",157,Lincoln Center,"-",2012
BOARD MEMBER,"David M. Rubenstein",158,Lincoln Center,"-",2012
BOARD MEMBER,"Diane M. Coffey",159,Lincoln Center,"-",2013
BOARD MEMBER,"Edward P. Gilligan",160,Lincoln Center,"-",2012
BOARD MEMBER,"Efraim Grinberg",161,Lincoln Center,"-",2012
BOARD MEMBER,"Elizabeth Rohatyn",162,Lincoln Center,"-",2012
BOARD MEMBER,"Elliot S. Jaffe",163,Lincoln Center,"-",2012
BOARD MEMBER,"Gary W. Parr",164,Lincoln Center,"-",2012
BOARD MEMBER,"Gayfryd Steinberg",165,Lincoln Center,"-",2013
BOARD MEMBER,"George Walker",166,Lincoln Center,"-",2012
BOARD MEMBER,"Guoqing Chen",167,Lincoln Center,"-",2012
BOARD MEMBER,"Harold Ford, Jr.",168,Lincoln Center,"-",2012
BOARD MEMBER,"Honorable Judith S. Kaye",169,Lincoln Center,"-",2012
BOARD MEMBER,"Indra Nooyi",170,Lincoln Center,"-",2012
BOARD MEMBER,"Ingeborg Rennert",171,Lincoln Center,"-",2013
BOARD MEMBER,"J. Tomilson Hill",172,Lincoln Center,"-",2012
BOARD MEMBER,"James G. Dinan",173,Lincoln Center,"-",2012
BOARD MEMBER,"James P. O\Shaughnessy",174,Lincoln Center,"-",2013
BOARD MEMBER,"Jay S. Fishman",175,Lincoln Center,"-",2012
BOARD MEMBER,"Jed Bernstein",176,Lincoln Center,"-",2013
BOARD MEMBER,"Jim Herbert",177,Lincoln Center,"-",2012
BOARD MEMBER,"Jim Rosenthal",178,Lincoln Center,"-",2012
BOARD MEMBER,"Joel S. Ehrenkranz",179,Lincoln Center,"-",2012
BOARD MEMBER,"John B. Hess",180,Lincoln Center,"-",2012
BOARD MEMBER,"John Wren",181,Lincoln Center,"-",2012
BOARD MEMBER,"Joseph R. Perella",182,Lincoln Center,"-",2012
BOARD MEMBER,"Julian H. Robertson",183,Lincoln Center,"-",2012
BOARD MEMBER,"Julian Robertson",184,Lincoln Center,"-",2013
BOARD MEMBER,"Katherine Farley",185,Lincoln Center,"-",2012
BOARD MEMBER,"Keith T. Banks",186,Lincoln Center,"-",2012
BOARD MEMBER,"Kevin W. Kennedy",187,Lincoln Center,"-",2012
BOARD MEMBER,"Laurie M. Tisch",188,Lincoln Center,"-",2012
BOARD MEMBER,"Max R. Shulman",189,Lincoln Center,"-",2012
BOARD MEMBER,"Michael Lynton",190,Lincoln Center,"-",2013
BOARD MEMBER,"Mimi Haas",191,Lincoln Center,"-",2013
BOARD MEMBER,"Motomu Takahashi",192,Lincoln Center,"-",2013
BOARD MEMBER,"Mr. Mitsuhiko Kawai",193,Lincoln Center,"-",2012
BOARD MEMBER,"Mrs. Ingeborg Hanna Rennert",194,Lincoln Center,"-",2012
BOARD MEMBER,"Ms. Diane M. Coffey",195,Lincoln Center,"-",2012
BOARD MEMBER,"Peter Frelinghuysen",196,Lincoln Center,"-",2012
BOARD MEMBER,"Peter S. Kraus",197,Lincoln Center,"-",2012
BOARD MEMBER,"Philip L. Milstein",198,Lincoln Center,"-",2012
BOARD MEMBER,"Ralph Schlosstein",199,Lincoln Center,"-",2013
BOARD MEMBER,"Ren√©e Belfer",200,Lincoln Center,"-",2012
BOARD MEMBER,"Reynold Levy",201,Lincoln Center,"-",2012
BOARD MEMBER,"Richard K. DeScherer",202,Lincoln Center,"-",2012
BOARD MEMBER,"Richard S. Braddock",203,Lincoln Center,"-",2012
BOARD MEMBER,"Rita E. Hauser",204,Lincoln Center,"-",2012
BOARD MEMBER,"Robert A. Iger",205,Lincoln Center,"-",2012
BOARD MEMBER,"Robert Appel",206,Lincoln Center,"-",2012
BOARD MEMBER,"Ronnie Ackman",207,Lincoln Center,"-",2012
BOARD MEMBER,"Roy Furman",208,Lincoln Center,"-",2012
BOARD MEMBER,"Shelly Lazarus",209,Lincoln Center,"-",2012
BOARD MEMBER,"Sheryl J. Kaye Kevin W. Kennedy",210,Lincoln Center,"-",2013
BOARD MEMBER,"Shiqiang Wu",211,Lincoln Center,"-",2012
BOARD MEMBER,"Sir Deryck C. Maughan",212,Lincoln Center,"-",2012
BOARD MEMBER,"Somesh Khanna",213,Lincoln Center,"-",2012
BOARD MEMBER,"Stephen M. Ross",214,Lincoln Center,"-",2012
BOARD MEMBER,"Steven A. Kandarian",215,Lincoln Center,"-",2012
BOARD MEMBER,"Steven R. Swartz",216,Lincoln Center,"-",2012
BOARD MEMBER,"Thomas A. Renyi",217,Lincoln Center,"-",2012
BOARD MEMBER,"Thomas H. Lee",218,Lincoln Center,"-",2012
BOARD MEMBER,"William B. Harrison, Jr.",219,Lincoln Center,"-",2012
BOARD MEMBER,"William C. Morris",220,Lincoln Center,"-",2012
BOARD MEMBER,"William E. Ford",221,Lincoln Center,"-",2012
BOARD MEMBER,"William R. Miller, CBE",222,Lincoln Center,"-",2012
BOARD MEMBER,"Ann Ziff",223,Metropolitan Opera,"-",2013
BOARD MEMBER,"Kevin W. Kennedy",224,Metropolitan Opera,"-",2013
BOARD MEMBER,"Mercedes T. Bass",225,Metropolitan Opera,"-",2013
BOARD MEMBER,"William C. Morris",226,Metropolitan Opera,"-",2013
BOARD MEMBER,"Judith-Ann Corrente",227,Metropolitan Opera,"-",2013
BOARD MEMBER,"Betsy Cohen",228,Metropolitan Opera,"-",2013
BOARD MEMBER,"Frayda B. Lindemann",229,Metropolitan Opera,"-",2013
BOARD MEMBER,"Christine F. Hunter",230,Metropolitan Opera,"-",2013
BOARD MEMBER,"James W. Kinnear",231,Metropolitan Opera,"-",2013
BOARD MEMBER,"Paul M. Montrone",232,Metropolitan Opera,"-",2013
BOARD MEMBER,"Mrs. Ezra K. Zilkha",233,Metropolitan Opera,"-",2013
BOARD MEMBER,"Frank A. Bennack, Jr.",234,Metropolitan Opera,"-",2013
BOARD MEMBER,"Susan S. Braddock",235,Metropolitan Opera,"-",2013
BOARD MEMBER,"Leonard S. Coleman, Jr.",236,Metropolitan Opera,"-",2013
BOARD MEMBER,"Edgar Foster Daniels",237,Metropolitan Opera,"-",2013
BOARD MEMBER,"Rena De Sisto",238,Metropolitan Opera,"-",2013
BOARD MEMBER,"Jerry del Missier",239,Metropolitan Opera,"-",2013
BOARD MEMBER,"Mrs. Paul Desmarais Sr.",240,Metropolitan Opera,"-",2013
BOARD MEMBER,"Misook Doolittle",241,Metropolitan Opera,"-",2013
BOARD MEMBER,"Stephanie T. Foster",242,Metropolitan Opera,"-",2014
BOARD MEMBER,"Marina Kellen French",243,Metropolitan Opera,"-",2013
BOARD MEMBER,"Beth W. Glynn",244,Metropolitan Opera,"-",2013
BOARD MEMBER,"Joan Granlund",245,Metropolitan Opera,"-",2014
BOARD MEMBER,"Eugene P. Grisanti",246,Metropolitan Opera,"-",2013
BOARD MEMBER,"Eckkehart Hassel-Weiler",247,Metropolitan Opera,"-",2014
BOARD MEMBER,"Rolf Heitmeyer",248,Metropolitan Opera,"-",2013
BOARD MEMBER,"Marlene Hess",249,Metropolitan Opera,"-",2013
BOARD MEMBER,"Agnes Hsu-Tang",250,Metropolitan Opera,"-",2014
BOARD MEMBER,"Christine F. Hunter",251,Metropolitan Opera,"-",2013
BOARD MEMBER,"Frederick Iseman",252,Metropolitan Opera,"-",2013
BOARD MEMBER,"John J. Noffo Kahn",253,Metropolitan Opera,"-",2013
BOARD MEMBER,"James W. Kinnear",254,Metropolitan Opera,"-",2013
BOARD MEMBER,"Bruce Kovner",255,Metropolitan Opera,"-",2013
BOARD MEMBER,"Camille D. LaBarre",256,Metropolitan Opera,"-",2013
BOARD MEMBER,"Mrs. Walter J. Laughery, Jr.",257,Metropolitan Opera,"-",2013
BOARD MEMBER,"Harry T. Lee",258,Metropolitan Opera,"-",2013
BOARD MEMBER,"Jeanette Lerman-Neubauer",259,Metropolitan Opera,"-",2013
BOARD MEMBER,"Dafna Meitar-Nechmad",260,Metropolitan Opera,"-",2013
BOARD MEMBER,"Mrs. Corbin R. Miller",261,Metropolitan Opera,"-",2013
BOARD MEMBER,"William R. Miller",262,Metropolitan Opera,"-",2013
BOARD MEMBER,"Vivian Milstein",263,Metropolitan Opera,"-",2013
BOARD MEMBER,"Elena A. Prokupets",264,Metropolitan Opera,"-",2013
BOARD MEMBER,"Laura J. Sloate",265,Metropolitan Opera,"-",2013
BOARD MEMBER,"Howard Solomon",266,Metropolitan Opera,"-",2013
BOARD MEMBER,"Hon. David A. Straz, Jr.",267,Metropolitan Opera,"-",2013
BOARD MEMBER,"Ambassador Nicholas F. Taubman\",268,Metropolitan Opera,"-",2013
BOARD MEMBER,"Mrs. Wilmer J. Thomas, Jr.",269,Metropolitan Opera,"-",2013
BOARD MEMBER,"Robert I. Toll",270,Metropolitan Opera,"-",2013
BOARD MEMBER,"Robert L. Turner\",271,Metropolitan Opera,"-",2013
BOARD MEMBER,"Daniel Brodsky",272,Metropolitan Museum,"-",2013
BOARD MEMBER,"Russell L. Carson",273,Metropolitan Museum,"-",2013
BOARD MEMBER,"Richard L. Chilton,  Jr.",274,Metropolitan Museum,"-",2013
BOARD MEMBER,"Lulu C. Wang",275,Metropolitan Museum,"-",2013
BOARD MEMBER,"J. Tomilson Hill",276,Metropolitan Museum,"-",2013
BOARD MEMBER,"Denis P. Kelleher",277,Metropolitan Museum,"-",2013
BOARD MEMBER,"William C. Rudin",278,Metropolitan Museum,"-",2013
BOARD MEMBER,"Alejandro Santo Domingo",279,Metropolitan Museum,"-",2013
BOARD MEMBER,"Andrew M. Saul",280,Metropolitan Museum,"-",2013
BOARD MEMBER,"Anna Wintour",281,Metropolitan Museum,"-",2013
BOARD MEMBER,"Candace K. Beinecke",282,Metropolitan Museum,"-",2013
BOARD MEMBER,"Leon D. Black",283,Metropolitan Museum,"-",2013
BOARD MEMBER,"Wellington Z. Chen",284,Metropolitan Museum,"-",2013
BOARD MEMBER,"Hamilton E. James",285,Metropolitan Museum,"-",2013
BOARD MEMBER,"Joyce Frank Menschel",286,Metropolitan Museum,"-",2013
BOARD MEMBER,"Jeffrey M. Peek",287,Metropolitan Museum,"-",2013
BOARD MEMBER,"Sir Paul Ruddock",288,Metropolitan Museum,"-",2013
BOARD MEMBER,"Shelby White",289,Metropolitan Museum,"-",2013
BOARD MEMBER,"Daniel Brodsky",290,Metropolitan Museum,"-",2013
BOARD MEMBER,"Russell L. Carson",291,Metropolitan Museum,"-",2013
BOARD MEMBER,"Mark Fisch",292,Metropolitan Museum,"-",2013
BOARD MEMBER,"Marina Kellen French",293,Metropolitan Museum,"-",2013
BOARD MEMBER,"Philip H. Isles",294,Metropolitan Museum,"-",2013
BOARD MEMBER,"Ann G. Tenenbaum",295,Metropolitan Museum,"-",2013
BOARD MEMBER,"Jeffrey W. Greenberg",296,Metropolitan Museum,"-",2013
BOARD MEMBER,"Bonnie B. Himmelman",297,Metropolitan Museum,"-",2013
BOARD MEMBER,"Bonnie J. Sacerdote",298,Metropolitan Museum,"-",2013
BOARD MEMBER,"James E. Shipp",299,Metropolitan Museum,"-",2013
BOARD MEMBER,"Andrew Solomon",300,Metropolitan Museum,"-",2013
BOARD MEMBER,"Barrie A. Wigmore",301,Metropolitan Museum,"-",2013
BOARD MEMBER,"Charles N. Atkins",302,Metropolitan Museum,"-",2013
BOARD MEMBER,"Bijan Mossavar-Rahmani",303,Metropolitan Museum,"-",2013
BOARD MEMBER,"John A. Paulson",304,Metropolitan Museum,"-",2013
BOARD MEMBER,"Samantha Boardman Rosen",305,Metropolitan Museum,"-",2013
BOARD MEMBER,"Stephen M. Cutler",306,Metropolitan Museum,"-",2014
BOARD MEMBER,"Pl√°cido Arango",307,Metropolitan Museum,"-",2013
BOARD MEMBER,"Ren√©e E. Belfer",308,Metropolitan Museum,"-",2013
BOARD MEMBER,"Mrs. Jackson Burke",309,Metropolitan Museum,"-",2013
BOARD MEMBER,"Walter Burke",310,Metropolitan Museum,"-",2013
BOARD MEMBER,"Mrs. B. Gerald Cantor",311,Metropolitan Museum,"-",2013
BOARD MEMBER,"Michel David-Weill",312,Metropolitan Museum,"-",2013
BOARD MEMBER,"S. Parker Gilbert",313,Metropolitan Museum,"-",2013
BOARD MEMBER,"Conrad K. Harper",314,Metropolitan Museum,"-",2013
BOARD MEMBER,"Mrs. Henry J. Heinz II",315,Metropolitan Museum,"-",2013
BOARD MEMBER,"Sir Joseph Hotung",316,Metropolitan Museum,"-",2013
BOARD MEMBER,"James R. Houghton",317,Metropolitan Museum,"-",2013
BOARD MEMBER,"Mrs. Herbert Irving",318,Metropolitan Museum,"-",2013
BOARD MEMBER,"Henry A. Kissinger",319,Metropolitan Museum,"-",2013
BOARD MEMBER,"David H. Koch",320,Metropolitan Museum,"-",2013
BOARD MEMBER,"Barnabas McHenry",321,Metropolitan Museum,"-",2013
BOARD MEMBER,"Mary R. Morgan",322,Metropolitan Museum,"-",2013
BOARD MEMBER,"George B. Munroe",323,Metropolitan Museum,"-",2013
BOARD MEMBER,"Eliot C. Nolen",324,Metropolitan Museum,"-",2013
BOARD MEMBER,"Robert M. Pennoyer",325,Metropolitan Museum,"-",2013
BOARD MEMBER,"Mrs. Milton Petrie",326,Metropolitan Museum,"-",2013
BOARD MEMBER,"Cynthia Hazen Polsky",327,Metropolitan Museum,"-",2013
BOARD MEMBER,"Annette de la Renta",328,Metropolitan Museum,"-",2013
BOARD MEMBER,"Frank E. Richardson",329,Metropolitan Museum,"-",2013
BOARD MEMBER,"E. John Rosenwald, Jr.",330,Metropolitan Museum,"-",2013
BOARD MEMBER,"James J. Ross",331,Metropolitan Museum,"-",2013
BOARD MEMBER,"Henry B. Schacht",332,Metropolitan Museum,"-",2013
BOARD MEMBER,"David T. Schiff",333,Metropolitan Museum,"-",2013
BOARD MEMBER,"Muriel Silberstein-Storfer",334,Metropolitan Museum,"-",2013
BOARD MEMBER,"Carl Spielvogel",335,Metropolitan Museum,"-",2013
BOARD MEMBER,"Oscar L. Tang",336,Metropolitan Museum,"-",2013
BOARD MEMBER,"Allan Weissglass",337,Metropolitan Museum,"-",2013
BOARD MEMBER,"Malcolm H. Wiener",338,Metropolitan Museum,"-",2013
BOARD MEMBER,"Jayne Wrightsman",339,Metropolitan Museum,"-",2013
BOARD MEMBER,"David Rockefeller",340,Museum of Modern Art,"-",2013
BOARD MEMBER,"Ronald S. Lauder",341,Museum of Modern Art,"-",2013
BOARD MEMBER,"Robert B. Menschel",342,Museum of Modern Art,"-",2013
BOARD MEMBER,"Agnes Gund",343,Museum of Modern Art,"-",2013
BOARD MEMBER,"Donald B. Marron",344,Museum of Modern Art,"-",2013
BOARD MEMBER,"Jerry I. Speyer",345,Museum of Modern Art,"-",2013
BOARD MEMBER,"Marie-Jos√©e Kravis",346,Museum of Modern Art,"-",2013
BOARD MEMBER,"Sid R. Bass",347,Museum of Modern Art,"-",2013
BOARD MEMBER,"Leon D. Black",348,Museum of Modern Art,"-",2013
BOARD MEMBER,"Mimi Haas",349,Museum of Modern Art,"-",2013
BOARD MEMBER,"Richard E. Salomon",350,Museum of Modern Art,"-",2013
BOARD MEMBER,"Glenn D. Lowry",351,Museum of Modern Art,"-",2013
BOARD MEMBER,"James Gara",352,Museum of Modern Art,"-",2013
BOARD MEMBER,"Patty Lipshutz",353,Museum of Modern Art,"-",2013
BOARD MEMBER,"Wallis Annenberg",354,Museum of Modern Art,"-",2013
BOARD MEMBER,"Sid R. Bass",355,Museum of Modern Art,"-",2013
BOARD MEMBER,"Lawrence B. Benenson",356,Museum of Modern Art,"-",2013
BOARD MEMBER,"Leon D. Black",357,Museum of Modern Art,"-",2013
BOARD MEMBER,"Clarissa Alcock Bronfman",358,Museum of Modern Art,"-",2013
BOARD MEMBER,"Patricia Phelps de Cisneros",359,Museum of Modern Art,"-",2013
BOARD MEMBER,"Paula Crown",360,Museum of Modern Art,"-",2013
BOARD MEMBER,"David Dechman",361,Museum of Modern Art,"-",2013
BOARD MEMBER,"Glenn Dubin",362,Museum of Modern Art,"-",2013
BOARD MEMBER,"John Elkann",363,Museum of Modern Art,"-",2013
BOARD MEMBER,"Laurence Fink",364,Museum of Modern Art,"-",2013
BOARD MEMBER,"Kathleen Fuld",365,Museum of Modern Art,"-",2013
BOARD MEMBER,"Howard Gardner",366,Museum of Modern Art,"-",2013
BOARD MEMBER,"Anne Dias Griffin",367,Museum of Modern Art,"-",2013
BOARD MEMBER,"Mimi Haas",368,Museum of Modern Art,"-",2013
BOARD MEMBER,"Alexandra A. Herzan",369,Museum of Modern Art,"-",2013
BOARD MEMBER,"Marlene Hess",370,Museum of Modern Art,"-",2013
BOARD MEMBER,"Ronnie Hayman",371,Museum of Modern Art,"-",2014
BOARD MEMBER,"AC Hudgins",372,Museum of Modern Art,"-",2013
BOARD MEMBER,"Jill Kraus",373,Museum of Modern Art,"-",2013
BOARD MEMBER,"Marie-Jos√©e Kravis",374,Museum of Modern Art,"-",2013
BOARD MEMBER,"Thomas H. Lee",375,Museum of Modern Art,"-",2013
BOARD MEMBER,"Michael Lynne",376,Museum of Modern Art,"-",2013
BOARD MEMBER,"Philip S. Niarchos",377,Museum of Modern Art,"-",2013
BOARD MEMBER,"James G. Niven",378,Museum of Modern Art,"-",2013
BOARD MEMBER,"Peter Norton",379,Museum of Modern Art,"-",2013
BOARD MEMBER,"Daniel S. Och",380,Museum of Modern Art,"-",2014
BOARD MEMBER,"Maja Oeri",381,Museum of Modern Art,"-",2013
BOARD MEMBER,"Michael S. Ovitz",382,Museum of Modern Art,"-",2013
BOARD MEMBER,"Richard D. Parsons",383,Museum of Modern Art,"-",2013
BOARD MEMBER,"Ronald O. Perelman",384,Museum of Modern Art,"-",2013
BOARD MEMBER,"Sharon Percy Rockefeller",385,Museum of Modern Art,"-",2013
BOARD MEMBER,"Marcus Samuelsson",386,Museum of Modern Art,"-",2013
BOARD MEMBER,"Anna Deavere Smith",387,Museum of Modern Art,"-",2013
BOARD MEMBER,"Jerry I. Speyer",388,Museum of Modern Art,"-",2013
BOARD MEMBER,"Ricardo Steinbruch",389,Museum of Modern Art,"-",2013
BOARD MEMBER,"Alice M. Tisch",390,Museum of Modern Art,"-",2013
BOARD MEMBER,"Gary Winnick",391,Museum of Modern Art,"-",2013
BOARD MEMBER,"Eli Broad",392,Museum of Modern Art,"-",2013
BOARD MEMBER,"Douglas S. Cramer",393,Museum of Modern Art,"-",2013
BOARD MEMBER,"Joel S. Ehrenkranz",394,Museum of Modern Art,"-",2013
BOARD MEMBER,"Gianluigi Gabetti",395,Museum of Modern Art,"-",2013
BOARD MEMBER,"Barbara Jakobson",396,Museum of Modern Art,"-",2013
BOARD MEMBER,"Werner H. Kramarsky",397,Museum of Modern Art,"-",2013
BOARD MEMBER,"June Noble Larkin",398,Museum of Modern Art,"-",2013
BOARD MEMBER,"Donald B. Marron",399,Museum of Modern Art,"-",2013
BOARD MEMBER,"Robert B. Menschel",400,Museum of Modern Art,"-",2013
BOARD MEMBER,"Peter G. Peterson",401,Museum of Modern Art,"-",2013
BOARD MEMBER,"Emily Rauh Pulitzer",402,Museum of Modern Art,"-",2013
BOARD MEMBER,"David Rockefeller",403,Museum of Modern Art,"-",2013
BOARD MEMBER,"Anna Marie Shapiro",404,Museum of Modern Art,"-",2013
BOARD MEMBER,"Jeanne C. Thayer",405,Museum of Modern Art,"-",2013
BOARD MEMBER,"Joan Tisch",406,Museum of Modern Art,"-",2013
BOARD MEMBER,"Edgar Wachenheim III",407,Museum of Modern Art,"-",2013
BOARD MEMBER,"Klaus Biesenbach",408,MOMA PS1,"-",2013
BOARD MEMBER,"Agnes Gund",409,MOMA PS1,"-",2013
BOARD MEMBER,"Philip E. Aarons",410,MOMA PS1,"-",2013
BOARD MEMBER,"John Comfort",411,MOMA PS1,"-",2013
BOARD MEMBER,"Sheikha Hoor Al-Qasimi",412,MOMA PS1,"-",2013
BOARD MEMBER,"Richard Chang",413,MOMA PS1,"-",2013
BOARD MEMBER,"Angela Chao",414,MOMA PS1,"-",2013
BOARD MEMBER,"Dana Farouki",415,MOMA PS1,"-",2013
BOARD MEMBER,"Lex Fenwick",416,MOMA PS1,"-",2013
BOARD MEMBER,"Wendy Fisher",417,MOMA PS1,"-",2013
BOARD MEMBER,"Adriana Cisneros de Griffin",418,MOMA PS1,"-",2013
BOARD MEMBER,"Susan Hayden",419,MOMA PS1,"-",2013
BOARD MEMBER,"Adam Kimmel",420,MOMA PS1,"-",2013
BOARD MEMBER,"Sydie Lansing",421,MOMA PS1,"-",2013
BOARD MEMBER,"Jennifer McSweeney",422,MOMA PS1,"-",2013
BOARD MEMBER,"Peter Norton",423,MOMA PS1,"-",2013
BOARD MEMBER,"Diana Widmaier Picasso",424,MOMA PS1,"-",2013
BOARD MEMBER,"Cindy Sherman",425,MOMA PS1,"-",2013
BOARD MEMBER,"Tom Slaughter",426,MOMA PS1,"-",2013
BOARD MEMBER,"Julia Stoschek",427,MOMA PS1,"-",2013
BOARD MEMBER,"Beth Swofford",428,MOMA PS1,"-",2013
BOARD MEMBER,"David Teiger",429,MOMA PS1,"-",2013
BOARD MEMBER,"Mickalene Thomas",430,MOMA PS1,"-",2013
BOARD MEMBER,"Gary W. Parr",431,New York Philharmonic,"-",2013
BOARD MEMBER,"Matthew VanBesien",432,New York Philharmonic,"-",2013
BOARD MEMBER,"Daisy M. Soros",433,New York Philharmonic,"-",2013
BOARD MEMBER,"Timothy M. George",434,New York Philharmonic,"-",2013
BOARD MEMBER,"Lawrence D. Ackman",435,New York Philharmonic,"-",2013
BOARD MEMBER,"Alec Baldwin",436,New York Philharmonic,"-",2013
BOARD MEMBER,"Joshua Bell",437,New York Philharmonic,"-",2013
BOARD MEMBER,"Dr. Clemens B√∂rsig",438,New York Philharmonic,"-",2013
BOARD MEMBER,"Yefim Bronfman",439,New York Philharmonic,"-",2014
BOARD MEMBER,"Kenneth A. Buckfire",440,New York Philharmonic,"-",2013
BOARD MEMBER,"James E. Buckman",441,New York Philharmonic,"-",2013
BOARD MEMBER,"Laura Chang",442,New York Philharmonic,"-",2013
BOARD MEMBER,"Angela Chen",443,New York Philharmonic,"-",2014
BOARD MEMBER,"Diane Chesin",444,New York Philharmonic,"-",2013
BOARD MEMBER,"Peter D. Cummings",445,New York Philharmonic,"-",2013
BOARD MEMBER,"Toos N. Daruvala",446,New York Philharmonic,"-",2013
BOARD MEMBER,"Lodewijk J.R. de Vink",447,New York Philharmonic,"-",2013
BOARD MEMBER,"Carol Fiorello",448,New York Philharmonic,"-",2014
BOARD MEMBER,"J. Christopher Flowers",449,New York Philharmonic,"-",2013
BOARD MEMBER,"Daria L. Foster",450,New York Philharmonic,"-",2013
BOARD MEMBER,"Annabelle K. Garrett",451,New York Philharmonic,"-",2013
BOARD MEMBER,"Whoopi Goldberg",452,New York Philharmonic,"-",2013
BOARD MEMBER,"Paul B. Guenther",453,New York Philharmonic,"-",2013
BOARD MEMBER,"Gurnee F. Hart",454,New York Philharmonic,"-",2013
BOARD MEMBER,"Gerald L. Hassell",455,New York Philharmonic,"-",2013
BOARD MEMBER,"Robert S. Hekemian, Jr.",456,New York Philharmonic,"-",2013
BOARD MEMBER,"C. Robert Henrikson",457,New York Philharmonic,"-",2013
BOARD MEMBER,"Ludmila Schwarzenberg Hess",458,New York Philharmonic,"-",2013
BOARD MEMBER,"Stephen Heyer",459,New York Philharmonic,"-",2013
BOARD MEMBER,"Ann Johnson",460,New York Philharmonic,"-",2013
BOARD MEMBER,"Peter Jungen",461,New York Philharmonic,"-",2013
BOARD MEMBER,"Mitsuhiko Kawai",462,New York Philharmonic,"-",2013
BOARD MEMBER,"H. Frederick Krimendahl II",463,New York Philharmonic,"-",2013
BOARD MEMBER,"Honey M. Kurtz",464,New York Philharmonic,"-",2013
BOARD MEMBER,"Christian A. Lange",465,New York Philharmonic,"-",2013
BOARD MEMBER,"Karen T. LeFrak",466,New York Philharmonic,"-",2013
BOARD MEMBER,"William M. Lewis, Jr.",467,New York Philharmonic,"-",2013
BOARD MEMBER,"Alan S. MacDonald",468,New York Philharmonic,"-",2013
BOARD MEMBER,"Peter W. May",469,New York Philharmonic,"-",2013
BOARD MEMBER,"Harold Mitchell, AC",470,New York Philharmonic,"-",2013
BOARD MEMBER,"Lizabeth A. Newman",471,New York Philharmonic,"-",2013
BOARD MEMBER,"Charles F. Niemeth",472,New York Philharmonic,"-",2013
BOARD MEMBER,"C. Allen Parker, Esq.",473,New York Philharmonic,"-",2013
BOARD MEMBER,"Itzhak Perlman",474,New York Philharmonic,"-",2013
BOARD MEMBER,"Joel I. Picket",475,New York Philharmonic,"-",2013
BOARD MEMBER,"Antonio Quintella",476,New York Philharmonic,"-",2013
BOARD MEMBER,"Susan Rose",477,New York Philharmonic,"-",2013
BOARD MEMBER,"Carol D. Schaefer",478,New York Philharmonic,"-",2013
BOARD MEMBER,"Oscar S. Schafer",479,New York Philharmonic,"-",2013
BOARD MEMBER,"Shirley Bacot Shamel",480,New York Philharmonic,"-",2013
BOARD MEMBER,"Larry A. Silverstein",481,New York Philharmonic,"-",2013
BOARD MEMBER,"Motumu Takahashi",482,New York Philharmonic,"-",2014
BOARD MEMBER,"Oscar L. Tang",483,New York Philharmonic,"-",2013
BOARD MEMBER,"Pamela Thomas-Graham",484,New York Philharmonic,"-",2013
BOARD MEMBER,"Bobby Tudor",485,New York Philharmonic,"-",2013
BOARD MEMBER,"Ronald J. Ulrich",486,New York Philharmonic,"-",2013
BOARD MEMBER,"Daria L. Wallach",487,New York Philharmonic,"-",2014
BOARD MEMBER,"Mary L. Wallach",488,New York Philharmonic,"-",2014
BOARD MEMBER,"Sandra F. Warshawsky",489,New York Philharmonic,"-",2013
BOARD MEMBER,"Paul B. Guenther",490,New York Philharmonic,"-",2013
BOARD MEMBER,"Carlos Moseley",491,New York Philharmonic,"-",2013
BOARD MEMBER,"Donald Blinken",492,New York Philharmonic,"-",2013
BOARD MEMBER,"Edith S. Bouriez",493,New York Philharmonic,"-",2013
BOARD MEMBER,"Dale M. Frehse",494,New York Philharmonic,"-",2013
BOARD MEMBER,"Gunther E. Greiner",495,New York Philharmonic,"-",2013
BOARD MEMBER,"William J. McDonough",496,New York Philharmonic,"-",2013
BOARD MEMBER,"Phyllis J. Mills",497,New York Philharmonic,"-",2013
BOARD MEMBER,"Donald A. Pels",498,New York Philharmonic,"-",2013
BOARD MEMBER,"Paula L. Root",499,New York Philharmonic,"-",2013
BOARD MEMBER,"Benjamin M. Rosen",500,New York Philharmonic,"-",2013
BOARD MEMBER,"Joel E. Smilow",501,New York Philharmonic,"-",2013
BOARD MEMBER,"Stephen Stamas",502,New York Philharmonic,"-",2013
BOARD MEMBER,"Sanford I. Weill",503,Carnegie Hall,"-",2013
BOARD MEMBER,"Mercedes T. Bass",504,Carnegie Hall,"-",2013
BOARD MEMBER,"Clarissa Alcock Bronfman",505,Carnegie Hall,"-",2013
BOARD MEMBER,"Klaus Jacobs",506,Carnegie Hall,"-",2013
BOARD MEMBER,"Peter W. May",507,Carnegie Hall,"-",2013
BOARD MEMBER,"Ronald O. Perelman",508,Carnegie Hall,"-",2013
BOARD MEMBER,"Burton P. Resnick",509,Carnegie Hall,"-",2013
BOARD MEMBER,"Kenneth J. Bialkin",510,Carnegie Hall,"-",2013
BOARD MEMBER,"Edward C. Forst",511,Carnegie Hall,"-",2013
BOARD MEMBER,"Clive Gillenson",512,Carnegie Hall,"-",2013
BOARD MEMBER,"Richard A. Debs",513,Carnegie Hall,"-",2013
BOARD MEMBER,"James D. Wolfensohn",514,Carnegie Hall,"-",2013
BOARD MEMBER,"Earle S. Altman",515,Carnegie Hall,"-",2013
BOARD MEMBER,"Martina Arroyo",516,Carnegie Hall,"-",2013
BOARD MEMBER,"Emanuel Ax",517,Carnegie Hall,"-",2013
BOARD MEMBER,"Mercedes T. Bass",518,Carnegie Hall,"-",2013
BOARD MEMBER,"Norton Belknap",519,Carnegie Hall,"-",2013
BOARD MEMBER,"Ronald E. Blaylock",520,Carnegie Hall,"-",2013
BOARD MEMBER,"Nicola Bulgari",521,Carnegie Hall,"-",2013
BOARD MEMBER,"Yoko Nagae Ceschina",522,Carnegie Hall,"-",2013
BOARD MEMBER,"Gregory T. Durant",523,Carnegie Hall,"-",2013
BOARD MEMBER,"Judith W. Evnin",524,Carnegie Hall,"-",2013
BOARD MEMBER,"Anne M. Finucane",525,Carnegie Hall,"-",2013
BOARD MEMBER,"Ren√©e Fleming",526,Carnegie Hall,"-",2013
BOARD MEMBER,"Edward C. Forst",527,Carnegie Hall,"-",2013
BOARD MEMBER,"Marina Kellen French",528,Carnegie Hall,"-",2013
BOARD MEMBER,"Clive Gillinson",529,Carnegie Hall,"-",2013
BOARD MEMBER,"The Honorable Roy M. Goodman",530,Carnegie Hall,"-",2013
BOARD MEMBER,"Marilyn Horne",531,Carnegie Hall,"-",2013
BOARD MEMBER,"Stephen R. Howe Jr.",532,Carnegie Hall,"-",2013
BOARD MEMBER,"Frederick J. Iseman",533,Carnegie Hall,"-",2013
BOARD MEMBER,"Klaus Jacobs",534,Carnegie Hall,"-",2013
BOARD MEMBER,"Robert W. Jones",535,Carnegie Hall,"-",2013
BOARD MEMBER,"Gilbert Kaplan",536,Carnegie Hall,"-",2013
BOARD MEMBER,"Mark E. Kingdon",537,Carnegie Hall,"-",2013
BOARD MEMBER,"Suzie Kovner",538,Carnegie Hall,"-",2013
BOARD MEMBER,"Robert K. Kraft",539,Carnegie Hall,"-",2013
BOARD MEMBER,"Sallie L. Krawcheck",540,Carnegie Hall,"-",2013
BOARD MEMBER,"Lang Lang",541,Carnegie Hall,"-",2013
BOARD MEMBER,"Isabel Leonard",542,Carnegie Hall,"-",2014
BOARD MEMBER,"Robert I. Lipp",543,Carnegie Hall,"-",2013
BOARD MEMBER,"Terry J. Lundgren",544,Carnegie Hall,"-",2013
BOARD MEMBER,"Yo-Yo Ma",545,Carnegie Hall,"-",2013
BOARD MEMBER,"Thomas G. Maheras",546,Carnegie Hall,"-",2013
BOARD MEMBER,"Peter W. May",547,Carnegie Hall,"-",2013
BOARD MEMBER,"Audra McDonald",548,Carnegie Hall,"-",2013
BOARD MEMBER,"Harold McGraw III",549,Carnegie Hall,"-",2013
BOARD MEMBER,"Lester S. Morse Jr.",550,Carnegie Hall,"-",2013
BOARD MEMBER,"Dennis M. Nally",551,Carnegie Hall,"-",2013
BOARD MEMBER,"Joshua L. Nash",552,Carnegie Hall,"-",2013
BOARD MEMBER,"Frank N. Newman",553,Carnegie Hall,"-",2013
BOARD MEMBER,"Jessye Norman",554,Carnegie Hall,"-",2013
BOARD MEMBER,"William G. Parrett",555,Carnegie Hall,"-",2013
BOARD MEMBER,"Laura H. Pomerantz",556,Carnegie Hall,"-",2013
BOARD MEMBER,"Don M. Randel",557,Carnegie Hall,"-",2013
BOARD MEMBER,"Oscar de la Renta",558,Carnegie Hall,"-",2013
BOARD MEMBER,"Burton P. Resnick",559,Carnegie Hall,"-",2013
BOARD MEMBER,"Judith Rodin",560,Carnegie Hall,"-",2013
BOARD MEMBER,"William D. Rondina",561,Carnegie Hall,"-",2013
BOARD MEMBER,"Susan W. Rose",562,Carnegie Hall,"-",2013
BOARD MEMBER,"Charles M. Rosenthal",563,Carnegie Hall,"-",2013
BOARD MEMBER,"Sana H. Sabbagh",564,Carnegie Hall,"-",2013
BOARD MEMBER,"Suki Sandler",565,Carnegie Hall,"-",2013
BOARD MEMBER,"Mrs. Julio Mario Santo Domingo",566,Carnegie Hall,"-",2013
BOARD MEMBER,"Dr. Thomas P. Sculco",567,Carnegie Hall,"-",2013
BOARD MEMBER,"Henry T. Segerstrom",568,Carnegie Hall,"-",2013
BOARD MEMBER,"Stanley S. Shuman",569,Carnegie Hall,"-",2013
BOARD MEMBER,"David M. Siegel",570,Carnegie Hall,"-",2013
BOARD MEMBER,"Sir Howard Stringer",571,Carnegie Hall,"-",2013
BOARD MEMBER,"Kurt G. Strovink",572,Carnegie Hall,"-",2013
BOARD MEMBER,"S. Donald Sussman",573,Carnegie Hall,"-",2013
BOARD MEMBER,"James Taylor",574,Carnegie Hall,"-",2013
BOARD MEMBER,"Linda J. Wachner",575,Carnegie Hall,"-",2013
BOARD MEMBER,"Judy Francis Zankel",576,Carnegie Hall,"-",2013
BOARD MEMBER,"John W. Zick",577,Carnegie Hall,"-",2013
BOARD MEMBER,"Ann Ziff",578,Carnegie Hall,"-",2013
BOARD MEMBER,"Ralph M. Baruch",579,Carnegie Hall,"-",2013
BOARD MEMBER,"Pierre Boulez",580,Carnegie Hall,"-",2013
BOARD MEMBER,"Roberta Peters",581,Carnegie Hall,"-",2013
BOARD MEMBER,"Felix G. Rohatyn",582,Carnegie Hall,"-",2013
BOARD MEMBER,"George T. Wein",583,Carnegie Hall,"-",2013
BOARD MEMBER,"Marc S. Lipschultz",584,92Y,"-",2013
BOARD MEMBER,"Stuart J. Ellman",585,92Y,"-",2013
BOARD MEMBER,"Paul Levy",586,92Y,"-",2013
BOARD MEMBER,"Marcia Eppler Colvin",587,92Y,"-",2013
BOARD MEMBER,"Jody Gottfried Arnhold",588,92Y,"-",2013
BOARD MEMBER,"Arthur Aufses, MD",589,92Y,"-",2013
BOARD MEMBER,"Glenn August",590,92Y,"-",2013
BOARD MEMBER,"Catherine H. Behrend",591,92Y,"-",2013
BOARD MEMBER,"Laurence D. Belfer",592,92Y,"-",2013
BOARD MEMBER,"Claire Benenson",593,92Y,"-",2013
BOARD MEMBER,"Michael Berland",594,92Y,"-",2013
BOARD MEMBER,"Len Blavatnik",595,92Y,"-",2013
BOARD MEMBER,"Thomas Block",596,92Y,"-",2013
BOARD MEMBER,"Matthew Bronfman*",597,92Y,"-",2013
BOARD MEMBER,"Kathy Chazen",598,92Y,"-",2013
BOARD MEMBER,"Andrew Crystal",599,92Y,"-",2013
BOARD MEMBER,"Richard Crystal",600,92Y,"-",2013
BOARD MEMBER,"Stanley Edelman, MD",601,92Y,"-",2013
BOARD MEMBER,"Michael S. Feldberg",602,92Y,"-",2013
BOARD MEMBER,"Christy Ferer",603,92Y,"-",2013
BOARD MEMBER,"Rick Gerson",604,92Y,"-",2013
BOARD MEMBER,"Jeffrey B. Goldenberg",605,92Y,"-",2013
BOARD MEMBER,"Jane H. Goldman",606,92Y,"-",2013
BOARD MEMBER,"Michael Goldstein*",607,92Y,"-",2013
BOARD MEMBER,"Daniel R. Kaplan*",608,92Y,"-",2013
BOARD MEMBER,"Thomas S. Kaplan*",609,92Y,"-",2013
BOARD MEMBER,"Lori A. Kasowitz",610,92Y,"-",2013
BOARD MEMBER,"Richard L. Kay",611,92Y,"-",2013
BOARD MEMBER,"Jonathan Korngold",612,92Y,"-",2013
BOARD MEMBER,"Eric Lane",613,92Y,"-",2013
BOARD MEMBER,"Nancy Z. Lane",614,92Y,"-",2013
BOARD MEMBER,"Marc Lasry",615,92Y,"-",2013
BOARD MEMBER,"William P. Lauder",616,92Y,"-",2013
BOARD MEMBER,"Howard M. Lorber",617,92Y,"-",2013
BOARD MEMBER,"Fredric Mack*",618,92Y,"-",2013
BOARD MEMBER,"Richard J. Mack",619,92Y,"-",2013
BOARD MEMBER,"Irwin Miller",620,92Y,"-",2013
BOARD MEMBER,"Philip L. Milstein*",621,92Y,"-",2013
BOARD MEMBER,"Cheryl Minikes",622,92Y,"-",2013
BOARD MEMBER,"Andrea Olshan",623,92Y,"-",2013
BOARD MEMBER,"Martin J. Oppenheimer",624,92Y,"-",2013
BOARD MEMBER,"John Paulson",625,92Y,"-",2013
BOARD MEMBER,"Martin J. Rabinowitz",626,92Y,"-",2013
BOARD MEMBER,"David S. Rose",627,92Y,"-",2013
BOARD MEMBER,"Marcella Rosen",628,92Y,"-",2013
BOARD MEMBER,"Barry Rosenstein",629,92Y,"-",2013
BOARD MEMBER,"Michael S. Roth",630,92Y,"-",2013
BOARD MEMBER,"Gail Michele Saltz, MD",631,92Y,"-",2013
BOARD MEMBER,"Mara Sandler",632,92Y,"-",2013
BOARD MEMBER,"Curtis Schenker",633,92Y,"-",2013
BOARD MEMBER,"David M. Schizer",634,92Y,"-",2013
BOARD MEMBER,"Dov Seidman",635,92Y,"-",2013
BOARD MEMBER,"Oliver Stanton",636,92Y,"-",2013
BOARD MEMBER,"Ronald Stein",637,92Y,"-",2013
BOARD MEMBER,"John Steinhardt",638,92Y,"-",2013
BOARD MEMBER,"Stuart Sucherman",639,92Y,"-",2013
BOARD MEMBER,"Bertram Teich",640,92Y,"-",2013
BOARD MEMBER,"Joan Tisch",641,92Y,"-",2013
BOARD MEMBER,"Eva Colin Usdan",642,92Y,"-",2013
BOARD MEMBER,"Kenneth L. Wallach",643,92Y,"-",2013
BOARD MEMBER,"Caryn Zucker",644,92Y,"-",2013
BOARD MEMBER,"Clive Chajet",645,92Y,"-",2013
BOARD MEMBER,"Jerome A. Chazen",646,92Y,"-",2013
BOARD MEMBER,"Gerald J. Grossman",647,92Y,"-",2013
BOARD MEMBER,"William H. Heyman",648,92Y,"-",2013
BOARD MEMBER,"Joan L. Jacobson*",649,92Y,"-",2013
BOARD MEMBER,"Lee Katz, PhD",650,92Y,"-",2013
BOARD MEMBER,"Elena Hahn Kiam",651,92Y,"-",2013
BOARD MEMBER,"Peter W. May",652,92Y,"-",2013
BOARD MEMBER,"Mitchell J. Nelson",653,92Y,"-",2013
BOARD MEMBER,"Madeline I. Noveck",654,92Y,"-",2013
BOARD MEMBER,"Elihu Rose",655,92Y,"-",2013
BOARD MEMBER,"Judith O. Rubin*",656,92Y,"-",2013
BOARD MEMBER,"Ruth S. Stanton",657,92Y,"-",2013
BOARD MEMBER,"Harriet Weintraub",658,92Y,"-",2013
BOARD MEMBER,"Myrna Z. Weiss",659,92Y,"-",2013
BOARD MEMBER,"James S. Tisch",660,WNET/NJTV/WLIW,"-",2013
BOARD MEMBER,"Charlotte Nichoson Ackert",661,WNET/NJTV/WLIW,"-",2013
BOARD MEMBER,"Cheryl Milstein",662,WNET/NJTV/WLIW,"-",2013
BOARD MEMBER,"Ann G. Tenenbaum",663,WNET/NJTV/WLIW,"-",2013
BOARD MEMBER,"Dirk Ziff",664,WNET/NJTV/WLIW,"-",2013
BOARD MEMBER,"Waheed Alli",665,WNET/NJTV/WLIW,"-",2013
BOARD MEMBER,"John P. Arnhold",666,WNET/NJTV/WLIW,"-",2013
BOARD MEMBER,"Lisa M. Caputo",667,WNET/NJTV/WLIW,"-",2013
BOARD MEMBER,"Raymond G. Chambers",668,WNET/NJTV/WLIW,"-",2013
BOARD MEMBER,"Thomas J. Connolly",669,WNET/NJTV/WLIW,"-",2013
BOARD MEMBER,"Marina Kellen French",670,WNET/NJTV/WLIW,"-",2013
BOARD MEMBER,"Edward Grebow",671,WNET/NJTV/WLIW,"-",2013
BOARD MEMBER,"Jeffrey Halis",672,WNET/NJTV/WLIW,"-",2013
BOARD MEMBER,"Kitty Hawks",673,WNET/NJTV/WLIW,"-",2013
BOARD MEMBER,"Cecilia Healy Herbert",674,WNET/NJTV/WLIW,"-",2013
BOARD MEMBER,"Katherine Nouri Hughes",675,WNET/NJTV/WLIW,"-",2013
BOARD MEMBER,"Elise Jaffe",676,WNET/NJTV/WLIW,"-",2013
BOARD MEMBER,"Mark Kaplan",677,WNET/NJTV/WLIW,"-",2013
BOARD MEMBER,"David H. Koch",678,WNET/NJTV/WLIW,"-",2013
BOARD MEMBER,"John A. Levin",679,WNET/NJTV/WLIW,"-",2013
BOARD MEMBER,"Daniel Levine",680,WNET/NJTV/WLIW,"-",2013
BOARD MEMBER,"Carol Sutton Lewis",681,WNET/NJTV/WLIW,"-",2013
BOARD MEMBER,"Thomas J. Moran",682,WNET/NJTV/WLIW,"-",2013
BOARD MEMBER,"Michael Peterson",683,WNET/NJTV/WLIW,"-",2013
BOARD MEMBER,"Judith Resnick",684,WNET/NJTV/WLIW,"-",2013
BOARD MEMBER,"Shelley F. Rubin",685,WNET/NJTV/WLIW,"-",2013
BOARD MEMBER,"Geoffrey K. Sands",686,WNET/NJTV/WLIW,"-",2013
BOARD MEMBER,"Alejandro Santo Domingo",687,WNET/NJTV/WLIW,"-",2013
BOARD MEMBER,"Barry Shapiro",688,WNET/NJTV/WLIW,"-",2013
BOARD MEMBER,"A.J.C. Smith",689,WNET/NJTV/WLIW,"-",2013
BOARD MEMBER,"Daniel H. Stern",690,WNET/NJTV/WLIW,"-",2013
BOARD MEMBER,"Paul P. Tanico",691,WNET/NJTV/WLIW,"-",2013
BOARD MEMBER,"Leonard Tow",692,WNET/NJTV/WLIW,"-",2013
BOARD MEMBER,"Thomas C. Uger",693,WNET/NJTV/WLIW,"-",2013
BOARD MEMBER,"Diana Vagelos",694,WNET/NJTV/WLIW,"-",2013
BOARD MEMBER,"Rosalind P. Walter",695,WNET/NJTV/WLIW,"-",2013
BOARD MEMBER,"Claude Becker Wassterstein",696,WNET/NJTV/WLIW,"-",2013
BOARD MEMBER,"Josh S. Weston",697,WNET/NJTV/WLIW,"-",2013
BOARD MEMBER,"Jane Stoddard Williams",698,WNET/NJTV/WLIW,"-",2013
BOARD MEMBER,"Paula Zahn",699,WNET/NJTV/WLIW,"-",2013
BOARD MEMBER,"William F. Baker",700,WNET/NJTV/WLIW,"-",2013
BOARD MEMBER,"Ralph M. Baruch",701,WNET/NJTV/WLIW,"-",2013
BOARD MEMBER,"Meredith Brokaw",702,WNET/NJTV/WLIW,"-",2013
BOARD MEMBER,"Elaine W. Conway",703,WNET/NJTV/WLIW,"-",2013
BOARD MEMBER,"Joan Ganz Cooney",704,WNET/NJTV/WLIW,"-",2013
BOARD MEMBER,"D. Ronald Daniel",705,WNET/NJTV/WLIW,"-",2013
BOARD MEMBER,"Oscar de la Renta",706,WNET/NJTV/WLIW,"-",2013
BOARD MEMBER,"H. John Greeniaus",707,WNET/NJTV/WLIW,"-",2013
BOARD MEMBER,"Thomas S. Johnson",708,WNET/NJTV/WLIW,"-",2013
BOARD MEMBER,"Betsy Lack",709,WNET/NJTV/WLIW,"-",2013
BOARD MEMBER,"Philip A. Laskawy",710,WNET/NJTV/WLIW,"-",2013
BOARD MEMBER,"James S. Marcus",711,WNET/NJTV/WLIW,"-",2013
BOARD MEMBER,"Anthony D. Marshall",712,WNET/NJTV/WLIW,"-",2013
BOARD MEMBER,"Morris W. Offit",713,WNET/NJTV/WLIW,"-",2013
BOARD MEMBER,"George D. O'Neill",714,WNET/NJTV/WLIW,"-",2013
BOARD MEMBER,"Ponchitta Pierce",715,WNET/NJTV/WLIW,"-",2013
BOARD MEMBER,"Elihu Rose",716,WNET/NJTV/WLIW,"-",2013
BOARD MEMBER,"Bernard L. Schwartz",717,WNET/NJTV/WLIW,"-",2013
BOARD MEMBER,"Stanley S. Shuman",718,WNET/NJTV/WLIW,"-",2013
BOARD MEMBER,"Marsha E. Simms",719,WNET/NJTV/WLIW,"-",2013
BOARD MEMBER,"Michael I. Sovern",720,WNET/NJTV/WLIW,"-",2013
BOARD MEMBER,"Scott M. Stuart",721,WNET/NJTV/WLIW,"-",2013
BOARD MEMBER,"Mortimer B. Zuckerman",722,WNET/NJTV/WLIW,"-",2013
BOARD MEMBER,"William M. Elinghaus",723,WNET/NJTV/WLIW,"-",2013
BOARD MEMBER,"Henry R. Kravis",724,WNET/NJTV/WLIW,"-",2013
BOARD MEMBER,"Steven R. Rattner",725,WNET/NJTV/WLIW,"-",2013
BOARD MEMBER,"Richard I. Beattie",726,WNET/NJTV/WLIW,"-",2013
BOARD MEMBER,"Elizabeth Rohatyn",727,WNET/NJTV/WLIW,"-",2013
BOARD MEMBER,"Josh S. Weston",728,WNET/NJTV/WLIW,"-",2013
BOARD MEMBER,"Elizabeth Thomas",729,WNET/NJTV/WLIW,"-",2013
BOARD MEMBER,"Anthony V. Bastardi",730,WNET/NJTV/WLIW,"-",2013
BOARD MEMBER,"Thomas A. Bracken",731,WNET/NJTV/WLIW,"-",2013
BOARD MEMBER,"Bernard Flynn",732,WNET/NJTV/WLIW,"-",2013
BOARD MEMBER,"Edward Graham",733,WNET/NJTV/WLIW,"-",2013
BOARD MEMBER,"Gov. Thomas H. Kean",734,WNET/NJTV/WLIW,"-",2013
BOARD MEMBER,"Scott Kobler",735,WNET/NJTV/WLIW,"-",2013
BOARD MEMBER,"Randall E. Mehrberg",736,WNET/NJTV/WLIW,"-",2013
BOARD MEMBER,"Brenda Ross-Dulan",737,WNET/NJTV/WLIW,"-",2013
BOARD MEMBER,"Neal Shapiro",738,WNET/NJTV/WLIW,"-",2013
BOARD MEMBER,"Robert L. Smartt",739,WNET/NJTV/WLIW,"-",2013
BOARD MEMBER,"Gary Wingens",740,WNET/NJTV/WLIW,"-",2013
BOARD MEMBER,"Neal Shapiro",741,WNET/NJTV/WLIW,"-",2013
BOARD MEMBER,"Caroline Croen",742,WNET/NJTV/WLIW,"-",2013
BOARD MEMBER,"Robert Feinberg",743,WNET/NJTV/WLIW,"-",2013
BOARD MEMBER,"Lisa Mantone",744,WNET/NJTV/WLIW,"-",2013
BOARD MEMBER,"Stephen Segaller",745,WNET/NJTV/WLIW,"-",2013
BOARD MEMBER,"Charlene Shapiro",746,WNET/NJTV/WLIW,"-",2013
BOARD MEMBER,"Carole Wacey",747,WNET/NJTV/WLIW,"-",2013
BOARD MEMBER,"Roslyn Davis",748,WNET/NJTV/WLIW,"-",2013
BOARD MEMBER,"Diane Masciale",749,WNET/NJTV/WLIW,"-",2013
BOARD MEMBER,"John Servido",750,WNET/NJTV/WLIW,"-",2013
BOARD MEMBER,"Marc Rosenwasser",751,WNET/NJTV/WLIW,"-",2013
BOARD MEMBER,"Daniel Greenberg",752,WNET/NJTV/WLIW,"-",2013
BOARD MEMBER,"Marjorie Harris",753,WNET/NJTV/WLIW,"-",2014
BOARD MEMBER,"Grazia Svokos",754,WNET/NJTV/WLIW,"-",2014
BOARD MEMBER,"Grace Lyu Volkhausen",755,WNET/NJTV/WLIW,"-",2014
BOARD MEMBER,"Vincent Maione",756,WNET/NJTV/WLIW,"-",2014
BOARD MEMBER,"Robert A. Marino",757,WNET/NJTV/WLIW,"-",2014
BOARD MEMBER,"Barry H. Ostrowsy",758,WNET/NJTV/WLIW,"-",2014
BOARD MEMBER,"Alan H. Fishman",759,Brooklyn Academy of Music,"-",2013
BOARD MEMBER,"William I. Campbell",760,Brooklyn Academy of Music,"-",2013
BOARD MEMBER,"Adam E. Max",761,Brooklyn Academy of Music,"-",2013
BOARD MEMBER,"Karen Brooks Hopkins",762,Brooklyn Academy of Music,"-",2013
BOARD MEMBER,"Joseph V. Melillo",763,Brooklyn Academy of Music,"-",2013
BOARD MEMBER,"James I. McLaren",764,Brooklyn Academy of Music,"-",2013
BOARD MEMBER,"Harvey Lichtenstein",765,Brooklyn Academy of Music,"-",2013
BOARD MEMBER,"Jeffrey H. Barker",766,Brooklyn Academy of Music,"-",2013
BOARD MEMBER,"Tony Bechara",767,Brooklyn Academy of Music,"-",2013
BOARD MEMBER,"Ren√© B√∂ttcher",768,Brooklyn Academy of Music,"-",2013
BOARD MEMBER,"Gordon Bowen",769,Brooklyn Academy of Music,"-",2013
BOARD MEMBER,"Linda Chinn",770,Brooklyn Academy of Music,"-",2013
BOARD MEMBER,"Henry Christensen III",771,Brooklyn Academy of Music,"-",2013
BOARD MEMBER,"Pamela A. Codispoti",772,Brooklyn Academy of Music,"-",2013
BOARD MEMBER,"David E. R. Dangoor",773,Brooklyn Academy of Music,"-",2013
BOARD MEMBER,"Cheryl Della Rosa",774,Brooklyn Academy of Music,"-",2013
BOARD MEMBER,"Dinyar S. Devitre",775,Brooklyn Academy of Music,"-",2013
BOARD MEMBER,"Beth Rudin DeWoody",776,Brooklyn Academy of Music,"-",2013
BOARD MEMBER,"Mark Diker",777,Brooklyn Academy of Music,"-",2013
BOARD MEMBER,"Andre Dua",778,Brooklyn Academy of Music,"-",2013
BOARD MEMBER,"Brendan J. Dugan",779,Brooklyn Academy of Music,"-",2013
BOARD MEMBER,"Th√©r√®se Esperdy",780,Brooklyn Academy of Music,"-",2013
BOARD MEMBER,"Teri Everett",781,Brooklyn Academy of Music,"-",2013
BOARD MEMBER,"Mallory Factor",782,Brooklyn Academy of Music,"-",2013
BOARD MEMBER,"Ronald E. Feiner, Esq.",783,Brooklyn Academy of Music,"-",2013
BOARD MEMBER,"Richard E. Feldman, Esq.",784,Brooklyn Academy of Music,"-",2013
BOARD MEMBER,"Steven G. Felsher",785,Brooklyn Academy of Music,"-",2013
BOARD MEMBER,"Jeanne Donovan Fisher",786,Brooklyn Academy of Music,"-",2013
BOARD MEMBER,"Barry M. Fox",787,Brooklyn Academy of Music,"-",2013
BOARD MEMBER,"MaryAnne Gilmartin",788,Brooklyn Academy of Music,"-",2013
BOARD MEMBER,"Robert M. Greenberg",789,Brooklyn Academy of Music,"-",2013
BOARD MEMBER,"G. Penn Holsenbeck",790,Brooklyn Academy of Music,"-",2013
BOARD MEMBER,"Anne Hubbard",791,Brooklyn Academy of Music,"-",2013
BOARD MEMBER,"Mark H. Jackson",792,Brooklyn Academy of Music,"-",2013
BOARD MEMBER,"Derek Jenkins",793,Brooklyn Academy of Music,"-",2013
BOARD MEMBER,"Mary Kantor",794,Brooklyn Academy of Music,"-",2013
BOARD MEMBER,"Daniel A. Klores",795,Brooklyn Academy of Music,"-",2013
BOARD MEMBER,"Edgar A. Lampert",796,Brooklyn Academy of Music,"-",2013
BOARD MEMBER,"Fran√ßois Letaconnoux",797,Brooklyn Academy of Music,"-",2013
BOARD MEMBER,"Gary Lynch",798,Brooklyn Academy of Music,"-",2013
BOARD MEMBER,"Martin F. Mertz",799,Brooklyn Academy of Music,"-",2013
BOARD MEMBER,"Patricia E. Michels",800,Brooklyn Academy of Music,"-",2013
BOARD MEMBER,"Ahrin Mishan",801,Brooklyn Academy of Music,"-",2013
BOARD MEMBER,"Donald R. Mullen Jr.",802,Brooklyn Academy of Music,"-",2013
BOARD MEMBER,"William A. Perlmuth",803,Brooklyn Academy of Music,"-",2013
BOARD MEMBER,"David L. Ramsay, M.D., M.Ed.",804,Brooklyn Academy of Music,"-",2013
BOARD MEMBER,"Frances A. Resheske",805,Brooklyn Academy of Music,"-",2013
BOARD MEMBER,"Jonathan F.P. Rose",806,Brooklyn Academy of Music,"-",2013
BOARD MEMBER,"Anna Kuzmik Sampas",807,Brooklyn Academy of Music,"-",2013
BOARD MEMBER,"Alberto Sanchez",808,Brooklyn Academy of Music,"-",2013
BOARD MEMBER,"Timothy Sebunya",809,Brooklyn Academy of Music,"-",2013
BOARD MEMBER,"Adi Shamir",810,Brooklyn Academy of Music,"-",2013
BOARD MEMBER,"Danny Simmons",811,Brooklyn Academy of Music,"-",2013
BOARD MEMBER,"Jessica Smith",812,Brooklyn Academy of Music,"-",2013
BOARD MEMBER,"Brian Stafford",813,Brooklyn Academy of Music,"-",2013
BOARD MEMBER,"Joseph A. Stern",814,Brooklyn Academy of Music,"-",2013
BOARD MEMBER,"Pedro Torres Ciliberto",815,Brooklyn Academy of Music,"-",2013
BOARD MEMBER,"John L. Usdan",816,Brooklyn Academy of Music,"-",2013
BOARD MEMBER,"Brigitte Vosse",817,Brooklyn Academy of Music,"-",2013
BOARD MEMBER,"Nora Ann Wallace",818,Brooklyn Academy of Music,"-",2013
BOARD MEMBER,"Elaine Weinstein",819,Brooklyn Academy of Music,"-",2013
BOARD MEMBER,"Hon. Franklin R. Weissberg",820,Brooklyn Academy of Music,"-",2013
BOARD MEMBER,"Vaughn C. Williams, Esq.",821,Brooklyn Academy of Music,"-",2013
BOARD MEMBER,"Adam Wolfensohn",822,Brooklyn Academy of Music,"-",2013
BOARD MEMBER,"Claire Wood",823,Brooklyn Academy of Music,"-",2013
BOARD MEMBER,"Andrew Zolli",824,Brooklyn Academy of Music,"-",2013
BOARD MEMBER,"Hon. Michael R. Bloomberg",825,Brooklyn Academy of Music,"-",2013
BOARD MEMBER,"Hon. Christine C. Quinn",826,Brooklyn Academy of Music,"-",2013
BOARD MEMBER,"Hon. Marty Markowitz",827,Brooklyn Academy of Music,"-",2013
BOARD MEMBER,"Hon. Kate D. Levin",828,Brooklyn Academy of Music,"-",2013
BOARD MEMBER,"Felice Forer Axelrod",829,Brooklyn Academy of Music,"-",2013
BOARD MEMBER,"Lela Goren",830,Brooklyn Academy of Music,"-",2013
BOARD MEMBER,"Neil D. Chrisman",831,Brooklyn Academy of Music,"-",2013
BOARD MEMBER,"Seth S. Faison",832,Brooklyn Academy of Music,"-",2013
BOARD MEMBER,"Bruce C. Ratner",833,Brooklyn Academy of Music,"-",2013
BOARD MEMBER,"Robert L. Forbes",834,Brooklyn Academy of Music,"-",2013
BOARD MEMBER,"Charles J. Hamm",835,Brooklyn Academy of Music,"-",2013
BOARD MEMBER,"Barbara B. Haws, C.A.",836,Brooklyn Academy of Music,"-",2013
BOARD MEMBER,"William Josephson",837,Brooklyn Academy of Music,"-",2013
BOARD MEMBER,"John Lipsky",838,Brooklyn Academy of Music,"-",2013
BOARD MEMBER,"Laurie Mallet",839,Brooklyn Academy of Music,"-",2013
BOARD MEMBER,"Cathy-Ann Martine",840,Brooklyn Academy of Music,"-",2013
BOARD MEMBER,"Elaine Weinstein",841,Brooklyn Academy of Music,"-",2014
BOARD MEMBER,"David L. Picket",842,Brooklyn Academy of Music,"-",2014
BOARD MEMBER,"Sarah C. Robertson",843,Brooklyn Academy of Music,"-",2014
BOARD MEMBER,"Bartholomew A. Sheehan III",844,Brooklyn Academy of Music,"-",2014
BOARD MEMBER,"Axel Stawski",845,Brooklyn Academy of Music,"-",2014
BOARD MEMBER,"Jamie Snow Markowitz",846,Brooklyn Academy of Music,"-",2014
BOARD MEMBER,"Mary Kantor",847,Brooklyn Academy of Music,"-",2014
BOARD MEMBER,"Lawrence R. Ricciardi",848,Morgan Museum & Library,"-",2013
BOARD MEMBER,"James R. Houghton",849,Morgan Museum & Library,"-",2013
BOARD MEMBER,"Richard L. Menschel",850,Morgan Museum & Library,"-",2013
BOARD MEMBER,"George L. K. Frelinghuysen",851,Morgan Museum & Library,"-",2013
BOARD MEMBER,"Thomas J. Reid",852,Morgan Museum & Library,"-",2013
BOARD MEMBER,"Karen H. Bechtel",853,Morgan Museum & Library,"-",2013
BOARD MEMBER,"Rodney B. Berens",854,Morgan Museum & Library,"-",2013
BOARD MEMBER,"Susanna Borghese",855,Morgan Museum & Library,"-",2013
BOARD MEMBER,"T. Kimball Brooker",856,Morgan Museum & Library,"-",2013
BOARD MEMBER,"Karen B. Cohen",857,Morgan Museum & Library,"-",2013
BOARD MEMBER,"Flobelle Burden Davis",858,Morgan Museum & Library,"-",2013
BOARD MEMBER,"Geoffrey K. Elliott",859,Morgan Museum & Library,"-",2013
BOARD MEMBER,"Brian J. Higgins",860,Morgan Museum & Library,"-",2013
BOARD MEMBER,"Jerker M. Johansson",861,Morgan Museum & Library,"-",2013
BOARD MEMBER,"Clement C. Moore II",862,Morgan Museum & Library,"-",2013
BOARD MEMBER,"John A. Morgan",863,Morgan Museum & Library,"-",2013
BOARD MEMBER,"Diane A. Nixon",864,Morgan Museum & Library,"-",2013
BOARD MEMBER,"Cosima Pavoncelli",865,Morgan Museum & Library,"-",2013
BOARD MEMBER,"Peter Pennoyer",866,Morgan Museum & Library,"-",2013
BOARD MEMBER,"Cynthia Hazen Polsky",867,Morgan Museum & Library,"-",2013
BOARD MEMBER,"Katharine J. Rayner",868,Morgan Museum & Library,"-",2013
BOARD MEMBER,"Annette de la Renta",869,Morgan Museum & Library,"-",2013
BOARD MEMBER,"Hamilton Robinson, Jr.",870,Morgan Museum & Library,"-",2013
BOARD MEMBER,"James A. Runde",871,Morgan Museum & Library,"-",2013
BOARD MEMBER,"James Baker Sitrick",872,Morgan Museum & Library,"-",2013
BOARD MEMBER,"Beatrice Stern",873,Morgan Museum & Library,"-",2013
BOARD MEMBER,"Jeffrey C. Walker",874,Morgan Museum & Library,"-",2013
BOARD MEMBER,"William T. Buice III",875,Morgan Museum & Library,"-",2013
BOARD MEMBER,"William M. Griswold",876,Morgan Museum & Library,"-",2013
BOARD MEMBER,"William James Wyer",877,Morgan Museum & Library,"-",2013
BOARD MEMBER,"William R. Acquavella",878,Morgan Museum & Library,"-",2013
BOARD MEMBER,"Walter Burke",879,Morgan Museum & Library,"-",2013
BOARD MEMBER,"Haliburton Fales, 2d",880,Morgan Museum & Library,"-",2013
BOARD MEMBER,"S. Parker Gilbert,",881,Morgan Museum & Library,"-",2013
BOARD MEMBER,"Drue Heinz",882,Morgan Museum & Library,"-",2013
BOARD MEMBER,"Lawrence Hughes",883,Morgan Museum & Library,"-",2013
BOARD MEMBER,"Herbert Kasper",884,Morgan Museum & Library,"-",2013
BOARD MEMBER,"Herbert L. Lucas",885,Morgan Museum & Library,"-",2013
BOARD MEMBER,"Charles F. Morgan",886,Morgan Museum & Library,"-",2013
BOARD MEMBER,"Robert M. Pennoyer",887,Morgan Museum & Library,"-",2013
BOARD MEMBER,"Elaine L. Rosenberg",888,Morgan Museum & Library,"-",2013
BOARD MEMBER,"Eugene V. Thaw",889,Morgan Museum & Library,"-",2013
BOARD MEMBER,"Ladislaus von Hoffmann",890,Morgan Museum & Library,"-",2013
BOARD MEMBER,"Baroness Mariuccia Zerilli-Marim√≤",891,Morgan Museum & Library,"-",2013
BOARD MEMBER,"Gary W. Parr",892,Morgan Museum & Library,"-",2014
BOARD MEMBER,"Thomas E. Tuft",893,Roundabout Theatre,"-",2012
BOARD MEMBER,"Mary C. Solomon",894,Roundabout Theatre,"-",2012
BOARD MEMBER,"Todd Haimes",895,Roundabout Theatre,"-",2012
BOARD MEMBER,"Samuel R. Chapin",896,Roundabout Theatre,"-",2012
BOARD MEMBER,"Lawrence Kaplen",897,Roundabout Theatre,"-",2012
BOARD MEMBER,"Alec Baldwin",898,Roundabout Theatre,"-",2012
BOARD MEMBER,"Jeffrey Barker",899,Roundabout Theatre,"-",2012
BOARD MEMBER,"Bill Borrelle",900,Roundabout Theatre,"-",2012
BOARD MEMBER,"Matthew Broderick",901,Roundabout Theatre,"-",2012
BOARD MEMBER,"James J. Burke, Jr.",902,Roundabout Theatre,"-",2012
BOARD MEMBER,"Jim Carter",903,Roundabout Theatre,"-",2012
BOARD MEMBER,"Mary Cirillo-Goldberg",904,Roundabout Theatre,"-",2012
BOARD MEMBER,"Michael T. Cohen",905,Roundabout Theatre,"-",2012
BOARD MEMBER,"Mike de Graffenried",906,Roundabout Theatre,"-",2012
BOARD MEMBER,"Douglas Durst",907,Roundabout Theatre,"-",2012
BOARD MEMBER,"Sylvia Golden",908,Roundabout Theatre,"-",2012
BOARD MEMBER,"Patricia R. Goldstein",909,Roundabout Theatre,"-",2012
BOARD MEMBER,"John R. Gordon",910,Roundabout Theatre,"-",2012
BOARD MEMBER,"Harry E. Gould, Jr.",911,Roundabout Theatre,"-",2012
BOARD MEMBER,"Perry B. Granoff",912,Roundabout Theatre,"-",2012
BOARD MEMBER,"Jeanne Hagerty",913,Roundabout Theatre,"-",2012
BOARD MEMBER,"Meryl D. Hartzband",914,Roundabout Theatre,"-",2012
BOARD MEMBER,"Maureen A. Hayes",915,Roundabout Theatre,"-",2012
BOARD MEMBER,"Abby F. Kohnstamm",916,Roundabout Theatre,"-",2012
BOARD MEMBER,"Gene R. Korf",917,Roundabout Theatre,"-",2012
BOARD MEMBER,"Stephanie Kramer",918,Roundabout Theatre,"-",2012
BOARD MEMBER,"Carole S. Krumland",919,Roundabout Theatre,"-",2012
BOARD MEMBER,"Cathy Lasry",920,Roundabout Theatre,"-",2012
BOARD MEMBER,"Mark J. Manoff",921,Roundabout Theatre,"-",2012
BOARD MEMBER,"David E. Massengill",922,Roundabout Theatre,"-",2012
BOARD MEMBER,"John P. McGarry, Jr.",923,Roundabout Theatre,"-",2012
BOARD MEMBER,"Cynthia Nixon",924,Roundabout Theatre,"-",2012
BOARD MEMBER,"Katheryn Patterson Kempner",925,Roundabout Theatre,"-",2012
BOARD MEMBER,"Laura Pels",926,Roundabout Theatre,"-",2012
BOARD MEMBER,"Charles Randolph-Wright",927,Roundabout Theatre,"-",2012
BOARD MEMBER,"Gregg Rechler",928,Roundabout Theatre,"-",2012
BOARD MEMBER,"Steven A. Sanders",929,Roundabout Theatre,"-",2012
BOARD MEMBER,"Steven Schroko",930,Roundabout Theatre,"-",2012
BOARD MEMBER,"Beryl Snyder",931,Roundabout Theatre,"-",2012
BOARD MEMBER,"Alyce Toonk",932,Roundabout Theatre,"-",2012
BOARD MEMBER,"Johs Worsoe",933,Roundabout Theatre,"-",2012
BOARD MEMBER,"Adam Zurofsky",934,Roundabout Theatre,"-",2012
BOARD MEMBER,"Christian C. Yegen",935,Roundabout Theatre,"-",2012
BOARD MEMBER,"Steven F. Goldstone",936,Roundabout Theatre,"-",2012
BOARD MEMBER,"Bob Donnalley",937,Roundabout Theatre,"-",2012
BOARD MEMBER,"Carol Mitchell",938,Roundabout Theatre,"-",2012
BOARD MEMBER,"Todd Haimes",939,Roundabout Theatre,"-",2012
BOARD MEMBER,"Harold Wolpert",940,Roundabout Theatre,"-",2012
BOARD MEMBER,"Julia C. Levy",941,Roundabout Theatre,"-",2012
BOARD MEMBER,"Scott Ellis",942,Roundabout Theatre,"-",2012
BOARD MEMBER,"Yolanda R. Turocy",943,Roundabout Theatre,"-",2012
BOARD MEMBER,"Polly Bergen",944,Roundabout Theatre,"-",2012
BOARD MEMBER,"Henry Cooperman",945,Roundabout Theatre,"-",2012
BOARD MEMBER,"Linda L. D\Onofrio",946,Roundabout Theatre,"-",2012
BOARD MEMBER,"Christopher M. Formant",947,Roundabout Theatre,"-",2012
BOARD MEMBER,"Boyd Gaines",948,Roundabout Theatre,"-",2012
BOARD MEMBER,"Ned Ginty",949,Roundabout Theatre,"-",2012
BOARD MEMBER,"Jodi Glucksman",950,Roundabout Theatre,"-",2012
BOARD MEMBER,"Carmen Grossman",951,Roundabout Theatre,"-",2012
BOARD MEMBER,"Barbara McIntyre Hack",952,Roundabout Theatre,"-",2012
BOARD MEMBER,"Jeannette Hobson",953,Roundabout Theatre,"-",2012
BOARD MEMBER,"H. Brett Humphreys",954,Roundabout Theatre,"-",2012
BOARD MEMBER,"Cherry Jones",955,Roundabout Theatre,"-",2012
BOARD MEMBER,"JoAnne Kennedy",956,Roundabout Theatre,"-",2012
BOARD MEMBER,"Frank Langella",957,Roundabout Theatre,"-",2012
BOARD MEMBER,"Helen Mirren",958,Roundabout Theatre,"-",2012
BOARD MEMBER,"Brian Murray",959,Roundabout Theatre,"-",2012
BOARD MEMBER,"Liam Neeson",960,Roundabout Theatre,"-",2012
BOARD MEMBER,"Christopher Plummer",961,Roundabout Theatre,"-",2012
BOARD MEMBER,"Ron Rifkin",962,Roundabout Theatre,"-",2012
BOARD MEMBER,"Laura S. Rodgers",963,Roundabout Theatre,"-",2012
BOARD MEMBER,"Patricia A. Stockhausen",964,Roundabout Theatre,"-",2012
BOARD MEMBER,"Janis Ing Strauss",965,Roundabout Theatre,"-",2012
BOARD MEMBER,"Cynthia C. Wainwright",966,Roundabout Theatre,"-",2012
BOARD MEMBER,"Barry C. Waldorf",967,Roundabout Theatre,"-",2012
BOARD MEMBER,"Tony Walton",968,Roundabout Theatre,"-",2012
BOARD MEMBER,"Mary G. Cadagin",969,Roundabout Theatre,"-",2013
BOARD MEMBER,"Marvin Rosen",970,Roundabout Theatre,"-",2013
BOARD MEMBER,"Sydney Beers",971,Roundabout Theatre,"-",2013
BOARD MEMBER,"Karen McKeel Calby",972,Roundabout Theatre,"-",2013
BOARD MEMBER,"Robert Schaffer",973,Roundabout Theatre,"-",2013
BOARD MEMBER,"Mark Tamagni",974,Roundabout Theatre,"-",2013
BOARD MEMBER,"David Rockefeller",975,MoMA,"-",2013
BOARD MEMBER,"Ronald S. Lauder",976,MoMA,"-",2013
BOARD MEMBER,"Robert B. Menschel",977,MoMA,"-",2013
BOARD MEMBER,"Agnes Gund",978,MoMA,"-",2013
BOARD MEMBER,"Donald B. Marron",979,MoMA,"-",2013
BOARD MEMBER,"Jerry I. Speyer",980,MoMA,"-",2013
BOARD MEMBER,"Marie-Jos√©e Kravis",981,MoMA,"-",2013
BOARD MEMBER,"Sid R. Bass",982,MoMA,"-",2013
BOARD MEMBER,"Leon D. Black",983,MoMA,"-",2013
BOARD MEMBER,"Mimi Haas",984,MoMA,"-",2013
BOARD MEMBER,"Richard E. Salomon",985,MoMA,"-",2013
BOARD MEMBER,"Glenn D. Lowry",986,MoMA,"-",2013
BOARD MEMBER,"Richard E. Salomon",987,MoMA,"-",2013
BOARD MEMBER,"James Gara",988,MoMA,"-",2013
BOARD MEMBER,"Patty Lipshutz",989,MoMA,"-",2013
BOARD MEMBER,"Wallis Annenberg",990,MoMA,"-",2013
BOARD MEMBER,"Sid R. Bass",991,MoMA,"-",2013
BOARD MEMBER,"Lawrence B. Benenson",992,MoMA,"-",2013
BOARD MEMBER,"Leon D. Black",993,MoMA,"-",2013
BOARD MEMBER,"Clarissa Alcock Bronfman",994,MoMA,"-",2013
BOARD MEMBER,"Patricia Phelps de Cisneros",995,MoMA,"-",2013
BOARD MEMBER,"Paula Crown",996,MoMA,"-",2013
BOARD MEMBER,"David Dechman",997,MoMA,"-",2013
BOARD MEMBER,"Glenn Dubin",998,MoMA,"-",2013
BOARD MEMBER,"John Elkann",999,MoMA,"-",2013
BOARD MEMBER,"Laurence Fink",1000,MoMA,"-",2013
BOARD MEMBER,"Kathleen Fuld",1001,MoMA,"-",2013
BOARD MEMBER,"Howard Gardner",1002,MoMA,"-",2013
BOARD MEMBER,"Anne Dias Griffin",1003,MoMA,"-",2013
BOARD MEMBER,"Agnes Gund",1004,MoMA,"-",2013
BOARD MEMBER,"Mimi Haas",1005,MoMA,"-",2013
BOARD MEMBER,"Alexandra A. Herzan",1006,MoMA,"-",2013
BOARD MEMBER,"Marlene Hess",1007,MoMA,"-",2013
BOARD MEMBER,"AC Hudgins",1008,MoMA,"-",2013
BOARD MEMBER,"Jill Kraus",1009,MoMA,"-",2013
BOARD MEMBER,"Marie-JoseÅe Kravis",1010,MoMA,"-",2013
BOARD MEMBER,"Ronald S. Lauder",1011,MoMA,"-",2013
BOARD MEMBER,"Thomas H. Lee",1012,MoMA,"-",2013
BOARD MEMBER,"Michael Lynne",1013,MoMA,"-",2013
BOARD MEMBER,"Philip S. Niarchos",1014,MoMA,"-",2013
BOARD MEMBER,"James G. Niven",1015,MoMA,"-",2013
BOARD MEMBER,"Peter Norton",1016,MoMA,"-",2013
BOARD MEMBER,"Maja Oeri",1017,MoMA,"-",2013
BOARD MEMBER,"Michael S. Ovitz",1018,MoMA,"-",2013
BOARD MEMBER,"Richard D. Parsons",1019,MoMA,"-",2013
BOARD MEMBER,"Ronald O. Perelman",1020,MoMA,"-",2013
BOARD MEMBER,"David Rockefeller",1021,MoMA,"-",2013
BOARD MEMBER,"Sharon Percy Rockefeller",1022,MoMA,"-",2013
BOARD MEMBER,"Richard E. Salomon",1023,MoMA,"-",2013
BOARD MEMBER,"Marcus Samuelsson",1024,MoMA,"-",2013
BOARD MEMBER,"Anna Deavere Smith",1025,MoMA,"-",2013
BOARD MEMBER,"Jerry I. Speyer",1026,MoMA,"-",2013
BOARD MEMBER,"Ricardo Steinbruch",1027,MoMA,"-",2013
BOARD MEMBER,"Alice M. Tisch",1028,MoMA,"-",2013
BOARD MEMBER,"Gary Winnick",1029,MoMA,"-",2013
BOARD MEMBER,"Eli Broad",1030,MoMA,"-",2013
BOARD MEMBER,"Douglas S. Cramer",1031,MoMA,"-",2013
BOARD MEMBER,"Joel S. Ehrenkranz",1032,MoMA,"-",2013
BOARD MEMBER,"Gianluigi Gabetti",1033,MoMA,"-",2013
BOARD MEMBER,"Barbara Jakobson",1034,MoMA,"-",2013
BOARD MEMBER,"Werner H. Kramarsky",1035,MoMA,"-",2013
BOARD MEMBER,"June Noble Larkin",1036,MoMA,"-",2013
BOARD MEMBER,"Donald B. Marron",1037,MoMA,"-",2013
BOARD MEMBER,"Robert B. Menschel",1038,MoMA,"-",2013
BOARD MEMBER,"Peter G. Peterson",1039,MoMA,"-",2013
BOARD MEMBER,"Emily Rauh Pulitzer",1040,MoMA,"-",2013
BOARD MEMBER,"David Rockefeller",1041,MoMA,"-",2013
BOARD MEMBER,"Anna Marie Shapiro",1042,MoMA,"-",2013
BOARD MEMBER,"Jeanne C. Thayer",1043,MoMA,"-",2013
BOARD MEMBER,"Joan Tisch",1044,MoMA,"-",2013
BOARD MEMBER,"Edgar Wachenheim III",1045,MoMA,"-",2013
BOARD MEMBER,"Lin Arison",1046,MoMA,"-",2013
BOARD MEMBER,"Mrs. Jan Cowles",1047,MoMA,"-",2013
BOARD MEMBER,"Lewis B. Cullman",1048,MoMA,"-",2013
BOARD MEMBER,"H.R.H. Duke Franz of Bavaria",1049,MoMA,"-",2013
BOARD MEMBER,"Maurice R. Greenberg",1050,MoMA,"-",2013
BOARD MEMBER,"Wynton Marsalis",1051,MoMA,"-",2013
BOARD MEMBER,"Richard E. Oldenburg",1052,MoMA,"-",2013
BOARD MEMBER,"Mrs. Milton Petrie",1053,MoMA,"-",2013
BOARD MEMBER,"Lord Rogers of Riverside",1054,MoMA,"-",2013
BOARD MEMBER,"Ted Sann",1055,MoMA,"-",2013
BOARD MEMBER,"Gilbert Silverman",1056,MoMA,"-",2013
BOARD MEMBER,"Yoshio Taniguchi",1057,MoMA,"-",2013
BOARD MEMBER,"David Teiger",1058,MoMA,"-",2013
BOARD MEMBER,"Eugene V. Thaw",1059,MoMA,"-",2013
BOARD MEMBER,"Glenn D. Lowry",1060,MoMA,"-",2013
BOARD MEMBER,"Agnes Gund",1061,MoMA,"-",2013
BOARD MEMBER,"Michael R. Bloomberg",1062,MoMA,"-",2013
BOARD MEMBER,"Susan K. Freedman",1063,MoMA,"-",2013
BOARD MEMBER,"Christine C. Quinn",1064,MoMA,"-",2013
BOARD MEMBER,"Barbaralee Diamonstein-Spielvogel",1065,MoMA,"-",2013
BOARD MEMBER,"John C. Liu",1066,MoMA,"-",2013
BOARD MEMBER,"Chung Seto",1067,MoMA,"-",2013
BOARD MEMBER,"Sharon Percy Rockefeller",1068,MoMA,"-",2013
BOARD MEMBER,"Christopher Lee Apgar and Ann Schaffer",1069,MoMA,"-",2013
BOARD MEMBER,"Bill de Blasio",1070,MoMA,"-",2014
BOARD MEMBER,"Scott M. Stringer",1071,MoMA,"-",2014
BOARD MEMBER,"Aby Rosen",1072,MoMA,"-",2014
BOARD MEMBER,"Melissa Mark-Viverito",1073,MoMA,"-",2014
BOARD MEMBER,"Anthony W. Crowell",1074,Brooklyn Public Library,"-",2013
BOARD MEMBER,"Nicholas A. Gravante Jr.",1075,Brooklyn Public Library,"-",2013
BOARD MEMBER,"Miriam Katowitz",1076,Brooklyn Public Library,"-",2013
BOARD MEMBER,"Peter Aschkenasy",1077,Brooklyn Public Library,"-",2013
BOARD MEMBER,"Antonia Yuille Williams",1078,Brooklyn Public Library,"-",2013
BOARD MEMBER,"Michael R. Bloomberg",1079,Brooklyn Public Library,"-",2013
BOARD MEMBER,"Marty Markowitz",1080,Brooklyn Public Library,"-",2013
BOARD MEMBER,"Christine C. Quinn",1081,Brooklyn Public Library,"-",2013
BOARD MEMBER,"John C. Liu",1082,Brooklyn Public Library,"-",2013
BOARD MEMBER,"Jordan Barowitz",1083,Brooklyn Public Library,"-",2013
BOARD MEMBER,"Bonnie Bellamy-Watkins",1084,Brooklyn Public Library,"-",2013
BOARD MEMBER,"Michael Best",1085,Brooklyn Public Library,"-",2013
BOARD MEMBER,"Kwanza Butler",1086,Brooklyn Public Library,"-",2013
BOARD MEMBER,"Iris Y. Chiu",1087,Brooklyn Public Library,"-",2013
BOARD MEMBER,"Nina Collins",1088,Brooklyn Public Library,"-",2013
BOARD MEMBER,"Joseph I. Douek",1089,Brooklyn Public Library,"-",2013
BOARD MEMBER,"Jeff Gennette",1090,Brooklyn Public Library,"-",2013
BOARD MEMBER,"Hon. Ira B. Harkavy",1091,Brooklyn Public Library,"-",2013
BOARD MEMBER,"Kyle Kimball",1092,Brooklyn Public Library,"-",2013
BOARD MEMBER,"Michael Liburd",1093,Brooklyn Public Library,"-",2013
BOARD MEMBER,"Susan Marcinek",1094,Brooklyn Public Library,"-",2013
BOARD MEMBER,"Gino P. Menchini",1095,Brooklyn Public Library,"-",2013
BOARD MEMBER,"Hon. Alice Fisher Rubin",1096,Brooklyn Public Library,"-",2013
BOARD MEMBER,"Sandra Schubert",1097,Brooklyn Public Library,"-",2013
BOARD MEMBER,"Robin Shanus",1098,Brooklyn Public Library,"-",2013
BOARD MEMBER,"Christina Tettonis",1099,Brooklyn Public Library,"-",2013
BOARD MEMBER,"Leticia Theodore-Greene",1100,Brooklyn Public Library,"-",2013
BOARD MEMBER,"Dr. Lucille C. Thomas",1101,Brooklyn Public Library,"-",2013
BOARD MEMBER,"Linda E. Johnson",1102,Brooklyn Public Library,"-",2013
BOARD MEMBER,"Nicholas A. Gravante, Jr.",1103,Brooklyn Public Library,"-",2014
BOARD MEMBER,"Kyle Kimball",1104,Brooklyn Public Library,"-",2014
BOARD MEMBER,"Robin Shanus",1105,Brooklyn Public Library,"-",2014
BOARD MEMBER,"Bill de Blasio",1106,Brooklyn Public Library,"-",2014
BOARD MEMBER,"Eric Adams",1107,Brooklyn Public Library,"-",2014
BOARD MEMBER,"Melissa Mark-Viverito",1108,Brooklyn Public Library,"-",2014
BOARD MEMBER,"Scott M. Stringer",1109,Brooklyn Public Library,"-",2014
BOARD MEMBER,"Anthony W. Crowell",1110,Brooklyn Public Library,"-",2014
BOARD MEMBER,"Joseph I. Douek",1111,Brooklyn Public Library,"-",2014
BOARD MEMBER,"Jeff Gennette",1112,Brooklyn Public Library,"-",2014
BOARD MEMBER,"Hank Gutman",1113,Brooklyn Public Library,"-",2014
BOARD MEMBER,"Cindi Leive",1114,Brooklyn Public Library,"-",2014
BOARD MEMBER,"Kim-Thu Posnett",1115,Brooklyn Public Library,"-",2014
BOARD MEMBER,"Lisa Price",1116,Brooklyn Public Library,"-",2014
