TYPE,Name,ID,Size
INSTITUTION,"9/11 memorial",17,20
INSTITUTION,"moma ps1",6,20
INSTITUTION,"museum of arts and design",15,20
INSTITUTION,"cooper hewitt",21,20
INSTITUTION,"morgan museum and library",12,20
INSTITUTION,"roundabout theatre",13,20
INSTITUTION,"american museum of natural history",1,20
INSTITUTION,"lincoln center",2,20
INSTITUTION,"museum of modern art",5,20
INSTITUTION,"metropolitan museum of art",4,20
INSTITUTION,"metropolitan opera",3,20
INSTITUTION,"wnyc",16,20
INSTITUTION,"92y",9,20
INSTITUTION,"new york public library",19,20
INSTITUTION,"new york transit museum",20,20
INSTITUTION,"carnegie hall",8,20
INSTITUTION,"frick collection",18,20
INSTITUTION,"new york philharmonic",7,20
INSTITUTION,"brooklyn public library",14,20
INSTITUTION,"wnet",10,20
INSTITUTION,"brooklyn academy of music",11,20
BOARD MEMBER,"Alan Rappaport",31,4
BOARD MEMBER,"Ann Ziff",32,4
BOARD MEMBER,"Anna Deavere Smith",33,4
BOARD MEMBER,"Anne Sidamon-Eristoff",34,4
BOARD MEMBER,"Archibald Cox Jr.",35,4
BOARD MEMBER,"Charles E. Phillips Jr.",36,4
BOARD MEMBER,"Charles H. Mott",37,4
BOARD MEMBER,"Christine A. Varney",38,4
BOARD MEMBER,"Christopher C. Davis",39,4
BOARD MEMBER,"David H. Koch",40,4
BOARD MEMBER,"David S. Gottesman",41,4
BOARD MEMBER,"Edwin H. Morgens",42,4
BOARD MEMBER,"Ellen V. Futter",43,4
BOARD MEMBER,"Fiona Druckenmiller",44,4
BOARD MEMBER,"Frank V. Sica",45,4
BOARD MEMBER,"Frederick A. Klingenstein",46,4
BOARD MEMBER,"Helene D. Gayle",47,4
BOARD MEMBER,"Helene L. Kaplan",48,4
BOARD MEMBER,"Ilene Sackler Lefcourt",49,4
BOARD MEMBER,"Irma Milstein",50,4
BOARD MEMBER,"Jackie Bezos",51,4
BOARD MEMBER,"Joseph H. Gleberman",52,4
BOARD MEMBER,"Katheryn P. Kempner",53,4
BOARD MEMBER,"Kenneth L. Wallach",54,4
BOARD MEMBER,"Laura Baudo Sillerman",55,4
BOARD MEMBER,"Lewis W. Bernard",56,4
BOARD MEMBER,"Linda R. Macaulay",57,4
BOARD MEMBER,"Lorne Michaels",58,4
BOARD MEMBER,"Louis V. Gerstner Jr.",59,4
BOARD MEMBER,"Marlene Hess",60,4
BOARD MEMBER,"Mary C. Solomon",61,4
BOARD MEMBER,"Nancy B. Fessenden",62,4
BOARD MEMBER,"Peter J. Solomon",63,4
BOARD MEMBER,"Rebekah Mercer",64,4
BOARD MEMBER,"Richard D. Parsons",65,4
BOARD MEMBER,"Richard E. Jaffe",66,4
BOARD MEMBER,"Richard Gilder",67,4
BOARD MEMBER,"Richard L. Revesz",68,4
BOARD MEMBER,"Richard S. LeFrak",69,4
BOARD MEMBER,"Robert G. Goelet",70,4
BOARD MEMBER,"Roberto A. Mignone",71,4
BOARD MEMBER,"Roger C. Altman",72,4
BOARD MEMBER,"Scott L. Bok",73,4
BOARD MEMBER,"Shaiza Rizavi",74,4
BOARD MEMBER,"Sibyl R. Golden",75,4
BOARD MEMBER,"Stephanie Bell-Rose",76,4
BOARD MEMBER,"Tamsen Ann Ziff",77,4
BOARD MEMBER,"Theodore A. Mathas",78,4
BOARD MEMBER,"Theodore Roosevelt IV",79,4
BOARD MEMBER,"Tina Fey",80,4
BOARD MEMBER,"Tom Brokaw",81,4
BOARD MEMBER,"Valerie S. Peltier",82,4
BOARD MEMBER,"Victor Marrero",83,4
BOARD MEMBER,"Virginia Hearst Randt",84,4
BOARD MEMBER,"Vivian H. Donnelley",85,4
BOARD MEMBER,"Walter V. Shipley",86,4
BOARD MEMBER,"Frank A. Bennack, Jr.",87,4
BOARD MEMBER,"Adrienne Arsht",88,4
BOARD MEMBER,"Alair A. Townsend",89,4
BOARD MEMBER,"Ann Unterberg",90,4
BOARD MEMBER,"Ann Ziff",91,4
BOARD MEMBER,"Anna Nikolayevsky  Benton",92,4
BOARD MEMBER,"Audra McDonald",93,4
BOARD MEMBER,"Audrey Butvay Gruss",94,4
BOARD MEMBER,"Barbara Walters",95,4
BOARD MEMBER,"Bart Friedman",96,4
BOARD MEMBER,"Bennett J. Goodman",97,4
BOARD MEMBER,"Betty Levin",98,4
BOARD MEMBER,"Blair W. Effron",99,4
BOARD MEMBER,"Bruce Kovner",100,4
BOARD MEMBER,"Bryan Lourd",101,4
BOARD MEMBER,"Christina Baker",102,4
BOARD MEMBER,"Christopher J. Williams",103,4
BOARD MEMBER,"Clara Wu Tsai",104,4
BOARD MEMBER,"Daniel Crown",105,4
BOARD MEMBER,"Daniel H. Stern",106,4
BOARD MEMBER,"Daniel S. Och",107,4
BOARD MEMBER,"David A. Hunt",108,4
BOARD MEMBER,"David Alan Coulter",109,4
BOARD MEMBER,"David H. Koch",110,4
BOARD MEMBER,"David M. Rubenstein",111,4
BOARD MEMBER,"Diane M. Coffey",112,4
BOARD MEMBER,"Edward P. Gilligan",113,4
BOARD MEMBER,"Efraim Grinberg",114,4
BOARD MEMBER,"Elizabeth Rohatyn",115,4
BOARD MEMBER,"Elliot S. Jaffe",116,4
BOARD MEMBER,"Gary W. Parr",117,4
BOARD MEMBER,"Gayfryd Steinberg",118,4
BOARD MEMBER,"George Walker",119,4
BOARD MEMBER,"Guoqing Chen",120,4
BOARD MEMBER,"Harold Ford, Jr.",121,4
BOARD MEMBER,"Honorable Judith S. Kaye",122,4
BOARD MEMBER,"Indra Nooyi",123,4
BOARD MEMBER,"Ingeborg Rennert",124,4
BOARD MEMBER,"J. Tomilson Hill",125,4
BOARD MEMBER,"James G. Dinan",126,4
BOARD MEMBER,"James P. O\Shaughnessy",127,4
BOARD MEMBER,"Jay S. Fishman",128,4
BOARD MEMBER,"Jed Bernstein",129,4
BOARD MEMBER,"Jim Herbert",130,4
BOARD MEMBER,"Jim Rosenthal",131,4
BOARD MEMBER,"Joel S. Ehrenkranz",132,4
BOARD MEMBER,"John B. Hess",133,4
BOARD MEMBER,"John Wren",134,4
BOARD MEMBER,"Joseph R. Perella",135,4
BOARD MEMBER,"Julian H. Robertson",136,4
BOARD MEMBER,"Julian Robertson",137,4
BOARD MEMBER,"Katherine Farley",138,4
BOARD MEMBER,"Keith T. Banks",139,4
BOARD MEMBER,"Kevin W. Kennedy",140,4
BOARD MEMBER,"Laurie M. Tisch",141,4
BOARD MEMBER,"Max R. Shulman",142,4
BOARD MEMBER,"Michael Lynton",143,4
BOARD MEMBER,"Mimi Haas",144,4
BOARD MEMBER,"Motomu Takahashi",145,4
BOARD MEMBER,"Mr. Mitsuhiko Kawai",146,4
BOARD MEMBER,"Mrs. Ingeborg Hanna Rennert",147,4
BOARD MEMBER,"Ms. Diane M. Coffey",148,4
BOARD MEMBER,"Peter Frelinghuysen",149,4
BOARD MEMBER,"Peter S. Kraus",150,4
BOARD MEMBER,"Philip L. Milstein",151,4
BOARD MEMBER,"Ralph Schlosstein",152,4
BOARD MEMBER,"Renée Belfer",153,4
BOARD MEMBER,"Reynold Levy",154,4
BOARD MEMBER,"Richard K. DeScherer",155,4
BOARD MEMBER,"Richard S. Braddock",156,4
BOARD MEMBER,"Rita E. Hauser",157,4
BOARD MEMBER,"Robert A. Iger",158,4
BOARD MEMBER,"Robert Appel",159,4
BOARD MEMBER,"Ronnie Ackman",160,4
BOARD MEMBER,"Roy Furman",161,4
BOARD MEMBER,"Shelly Lazarus",162,4
BOARD MEMBER,"Sheryl J. Kaye Kevin W. Kennedy",163,4
BOARD MEMBER,"Shiqiang Wu",164,4
BOARD MEMBER,"Sir Deryck C. Maughan",165,4
BOARD MEMBER,"Somesh Khanna",166,4
BOARD MEMBER,"Stephen M. Ross",167,4
BOARD MEMBER,"Steven A. Kandarian",168,4
BOARD MEMBER,"Steven R. Swartz",169,4
BOARD MEMBER,"Thomas A. Renyi",170,4
BOARD MEMBER,"Thomas H. Lee",171,4
BOARD MEMBER,"William B. Harrison, Jr.",172,4
BOARD MEMBER,"William C. Morris",173,4
BOARD MEMBER,"William E. Ford",174,4
BOARD MEMBER,"William R. Miller, CBE",175,4
BOARD MEMBER,"Ann Ziff",176,4
BOARD MEMBER,"Kevin W. Kennedy",177,4
BOARD MEMBER,"Mercedes T. Bass",178,4
BOARD MEMBER,"William C. Morris",179,4
BOARD MEMBER,"Judith-Ann Corrente",180,4
BOARD MEMBER,"Betsy Cohen",181,4
BOARD MEMBER,"Frayda B. Lindemann",182,4
BOARD MEMBER,"Christine F. Hunter",183,4
BOARD MEMBER,"James W. Kinnear",184,4
BOARD MEMBER,"Paul M. Montrone",185,4
BOARD MEMBER,"Mrs. Ezra K. Zilkha",186,4
BOARD MEMBER,"Frank A. Bennack, Jr.",187,4
BOARD MEMBER,"Susan S. Braddock",188,4
BOARD MEMBER,"Leonard S. Coleman, Jr.",189,4
BOARD MEMBER,"Edgar Foster Daniels",190,4
BOARD MEMBER,"Rena De Sisto",191,4
BOARD MEMBER,"Jerry del Missier",192,4
BOARD MEMBER,"Mrs. Paul Desmarais Sr.",193,4
BOARD MEMBER,"Misook Doolittle",194,4
BOARD MEMBER,"Stephanie T. Foster",195,4
BOARD MEMBER,"Marina Kellen French",196,4
BOARD MEMBER,"Beth W. Glynn",197,4
BOARD MEMBER,"Joan Granlund",198,4
BOARD MEMBER,"Eugene P. Grisanti",199,4
BOARD MEMBER,"Eckkehart Hassel-Weiler",200,4
BOARD MEMBER,"Rolf Heitmeyer",201,4
BOARD MEMBER,"Marlene Hess",202,4
BOARD MEMBER,"Agnes Hsu-Tang",203,4
BOARD MEMBER,"Christine F. Hunter",204,4
BOARD MEMBER,"Frederick Iseman",205,4
BOARD MEMBER,"John J. Noffo Kahn",206,4
BOARD MEMBER,"James W. Kinnear",207,4
BOARD MEMBER,"Bruce Kovner",208,4
BOARD MEMBER,"Camille D. LaBarre",209,4
BOARD MEMBER,"Mrs. Walter J. Laughery, Jr.",210,4
BOARD MEMBER,"Harry T. Lee",211,4
BOARD MEMBER,"Jeanette Lerman-Neubauer",212,4
BOARD MEMBER,"Dafna Meitar-Nechmad",213,4
BOARD MEMBER,"Mrs. Corbin R. Miller",214,4
BOARD MEMBER,"William R. Miller",215,4
BOARD MEMBER,"Vivian Milstein",216,4
BOARD MEMBER,"Elena A. Prokupets",217,4
BOARD MEMBER,"Laura J. Sloate",218,4
BOARD MEMBER,"Howard Solomon",219,4
BOARD MEMBER,"Hon. David A. Straz, Jr.",220,4
BOARD MEMBER,"Ambassador Nicholas F. Taubman\",221,4
BOARD MEMBER,"Mrs. Wilmer J. Thomas, Jr.",222,4
BOARD MEMBER,"Robert I. Toll",223,4
BOARD MEMBER,"Robert L. Turner\",224,4
BOARD MEMBER,"Daniel Brodsky",225,4
BOARD MEMBER,"Russell L. Carson",226,4
BOARD MEMBER,"Richard L. Chilton,  Jr.",227,4
BOARD MEMBER,"Lulu C. Wang",228,4
BOARD MEMBER,"J. Tomilson Hill",229,4
BOARD MEMBER,"Denis P. Kelleher",230,4
BOARD MEMBER,"William C. Rudin",231,4
BOARD MEMBER,"Alejandro Santo Domingo",232,4
BOARD MEMBER,"Andrew M. Saul",233,4
BOARD MEMBER,"Anna Wintour",234,4
BOARD MEMBER,"Candace K. Beinecke",235,4
BOARD MEMBER,"Leon D. Black",236,4
BOARD MEMBER,"Wellington Z. Chen",237,4
BOARD MEMBER,"Hamilton E. James",238,4
BOARD MEMBER,"Joyce Frank Menschel",239,4
BOARD MEMBER,"Jeffrey M. Peek",240,4
BOARD MEMBER,"Sir Paul Ruddock",241,4
BOARD MEMBER,"Shelby White",242,4
BOARD MEMBER,"Daniel Brodsky",243,4
BOARD MEMBER,"Russell L. Carson",244,4
BOARD MEMBER,"Mark Fisch",245,4
BOARD MEMBER,"Marina Kellen French",246,4
BOARD MEMBER,"Philip H. Isles",247,4
BOARD MEMBER,"Ann G. Tenenbaum",248,4
BOARD MEMBER,"Jeffrey W. Greenberg",249,4
BOARD MEMBER,"Bonnie B. Himmelman",250,4
BOARD MEMBER,"Bonnie J. Sacerdote",251,4
BOARD MEMBER,"James E. Shipp",252,4
BOARD MEMBER,"Andrew Solomon",253,4
BOARD MEMBER,"Barrie A. Wigmore",254,4
BOARD MEMBER,"Charles N. Atkins",255,4
BOARD MEMBER,"Bijan Mossavar-Rahmani",256,4
BOARD MEMBER,"John A. Paulson",257,4
BOARD MEMBER,"Samantha Boardman Rosen",258,4
BOARD MEMBER,"Stephen M. Cutler",259,4
BOARD MEMBER,"Plácido Arango",260,4
BOARD MEMBER,"Renée E. Belfer",261,4
BOARD MEMBER,"Mrs. Jackson Burke",262,4
BOARD MEMBER,"Walter Burke",263,4
BOARD MEMBER,"Mrs. B. Gerald Cantor",264,4
BOARD MEMBER,"Michel David-Weill",265,4
BOARD MEMBER,"S. Parker Gilbert",266,4
BOARD MEMBER,"Conrad K. Harper",267,4
BOARD MEMBER,"Mrs. Henry J. Heinz II",268,4
BOARD MEMBER,"Sir Joseph Hotung",269,4
BOARD MEMBER,"James R. Houghton",270,4
BOARD MEMBER,"Mrs. Herbert Irving",271,4
BOARD MEMBER,"Henry A. Kissinger",272,4
BOARD MEMBER,"David H. Koch",273,4
BOARD MEMBER,"Barnabas McHenry",274,4
BOARD MEMBER,"Mary R. Morgan",275,4
BOARD MEMBER,"George B. Munroe",276,4
BOARD MEMBER,"Eliot C. Nolen",277,4
BOARD MEMBER,"Robert M. Pennoyer",278,4
BOARD MEMBER,"Mrs. Milton Petrie",279,4
BOARD MEMBER,"Cynthia Hazen Polsky",280,4
BOARD MEMBER,"Annette de la Renta",281,4
BOARD MEMBER,"Frank E. Richardson",282,4
BOARD MEMBER,"E. John Rosenwald, Jr.",283,4
BOARD MEMBER,"James J. Ross",284,4
BOARD MEMBER,"Henry B. Schacht",285,4
BOARD MEMBER,"David T. Schiff",286,4
BOARD MEMBER,"Muriel Silberstein-Storfer",287,4
BOARD MEMBER,"Carl Spielvogel",288,4
BOARD MEMBER,"Oscar L. Tang",289,4
BOARD MEMBER,"Allan Weissglass",290,4
BOARD MEMBER,"Malcolm H. Wiener",291,4
BOARD MEMBER,"Jayne Wrightsman",292,4
BOARD MEMBER,"David Rockefeller",293,4
BOARD MEMBER,"Ronald S. Lauder",294,4
BOARD MEMBER,"Robert B. Menschel",295,4
BOARD MEMBER,"Agnes Gund",296,4
BOARD MEMBER,"Donald B. Marron",297,4
BOARD MEMBER,"Jerry I. Speyer",298,4
BOARD MEMBER,"Marie-Josée Kravis",299,4
BOARD MEMBER,"Sid R. Bass",300,4
BOARD MEMBER,"Leon D. Black",301,4
BOARD MEMBER,"Mimi Haas",302,4
BOARD MEMBER,"Richard E. Salomon",303,4
BOARD MEMBER,"Glenn D. Lowry",304,4
BOARD MEMBER,"James Gara",305,4
BOARD MEMBER,"Patty Lipshutz",306,4
BOARD MEMBER,"Wallis Annenberg",307,4
BOARD MEMBER,"Sid R. Bass",308,4
BOARD MEMBER,"Lawrence B. Benenson",309,4
BOARD MEMBER,"Leon D. Black",310,4
BOARD MEMBER,"Clarissa Alcock Bronfman",311,4
BOARD MEMBER,"Patricia Phelps de Cisneros",312,4
BOARD MEMBER,"Paula Crown",313,4
BOARD MEMBER,"David Dechman",314,4
BOARD MEMBER,"Glenn Dubin",315,4
BOARD MEMBER,"John Elkann",316,4
BOARD MEMBER,"Laurence Fink",317,4
BOARD MEMBER,"Kathleen Fuld",318,4
BOARD MEMBER,"Howard Gardner",319,4
BOARD MEMBER,"Anne Dias Griffin",320,4
BOARD MEMBER,"Mimi Haas",321,4
BOARD MEMBER,"Alexandra A. Herzan",322,4
BOARD MEMBER,"Marlene Hess",323,4
BOARD MEMBER,"Ronnie Hayman",324,4
BOARD MEMBER,"AC Hudgins",325,4
BOARD MEMBER,"Jill Kraus",326,4
BOARD MEMBER,"Marie-Josée Kravis",327,4
BOARD MEMBER,"Thomas H. Lee",328,4
BOARD MEMBER,"Michael Lynne",329,4
BOARD MEMBER,"Philip S. Niarchos",330,4
BOARD MEMBER,"James G. Niven",331,4
BOARD MEMBER,"Peter Norton",332,4
BOARD MEMBER,"Daniel S. Och",333,4
BOARD MEMBER,"Maja Oeri",334,4
BOARD MEMBER,"Michael S. Ovitz",335,4
BOARD MEMBER,"Richard D. Parsons",336,4
BOARD MEMBER,"Ronald O. Perelman",337,4
BOARD MEMBER,"Sharon Percy Rockefeller",338,4
BOARD MEMBER,"Marcus Samuelsson",339,4
BOARD MEMBER,"Anna Deavere Smith",340,4
BOARD MEMBER,"Jerry I. Speyer",341,4
BOARD MEMBER,"Ricardo Steinbruch",342,4
BOARD MEMBER,"Alice M. Tisch",343,4
BOARD MEMBER,"Gary Winnick",344,4
BOARD MEMBER,"Eli Broad",345,4
BOARD MEMBER,"Douglas S. Cramer",346,4
BOARD MEMBER,"Joel S. Ehrenkranz",347,4
BOARD MEMBER,"Gianluigi Gabetti",348,4
BOARD MEMBER,"Barbara Jakobson",349,4
BOARD MEMBER,"Werner H. Kramarsky",350,4
BOARD MEMBER,"June Noble Larkin",351,4
BOARD MEMBER,"Donald B. Marron",352,4
BOARD MEMBER,"Robert B. Menschel",353,4
BOARD MEMBER,"Peter G. Peterson",354,4
BOARD MEMBER,"Emily Rauh Pulitzer",355,4
BOARD MEMBER,"Anna Marie Shapiro",356,4
BOARD MEMBER,"Jeanne C. Thayer",357,4
BOARD MEMBER,"Joan Tisch",358,4
BOARD MEMBER,"Edgar Wachenheim III",359,4
BOARD MEMBER,"Klaus Biesenbach",360,4
BOARD MEMBER,"Agnes Gund",361,4
BOARD MEMBER,"Philip E. Aarons",362,4
BOARD MEMBER,"John Comfort",363,4
BOARD MEMBER,"Sheikha Hoor Al-Qasimi",364,4
BOARD MEMBER,"Richard Chang",365,4
BOARD MEMBER,"Angela Chao",366,4
BOARD MEMBER,"Dana Farouki",367,4
BOARD MEMBER,"Lex Fenwick",368,4
BOARD MEMBER,"Wendy Fisher",369,4
BOARD MEMBER,"Adriana Cisneros de Griffin",370,4
BOARD MEMBER,"Susan Hayden",371,4
BOARD MEMBER,"Adam Kimmel",372,4
BOARD MEMBER,"Sydie Lansing",373,4
BOARD MEMBER,"Jennifer McSweeney",374,4
BOARD MEMBER,"Peter Norton",375,4
BOARD MEMBER,"Diana Widmaier Picasso",376,4
BOARD MEMBER,"Cindy Sherman",377,4
BOARD MEMBER,"Tom Slaughter",378,4
BOARD MEMBER,"Julia Stoschek",379,4
BOARD MEMBER,"Beth Swofford",380,4
BOARD MEMBER,"David Teiger",381,4
BOARD MEMBER,"Mickalene Thomas",382,4
BOARD MEMBER,"Gary W. Parr",383,4
BOARD MEMBER,"Matthew VanBesien",384,4
BOARD MEMBER,"Daisy M. Soros",385,4
BOARD MEMBER,"Timothy M. George",386,4
BOARD MEMBER,"Lawrence D. Ackman",387,4
BOARD MEMBER,"Alec Baldwin",388,4
BOARD MEMBER,"Joshua Bell",389,4
BOARD MEMBER,"Dr. Clemens Börsig",390,4
BOARD MEMBER,"Yefim Bronfman",391,4
BOARD MEMBER,"Kenneth A. Buckfire",392,4
BOARD MEMBER,"James E. Buckman",393,4
BOARD MEMBER,"Laura Chang",394,4
BOARD MEMBER,"Angela Chen",395,4
BOARD MEMBER,"Diane Chesin",396,4
BOARD MEMBER,"Peter D. Cummings",397,4
BOARD MEMBER,"Toos N. Daruvala",398,4
BOARD MEMBER,"Lodewijk J.R. de Vink",399,4
BOARD MEMBER,"Carol Fiorello",400,4
BOARD MEMBER,"J. Christopher Flowers",401,4
BOARD MEMBER,"Daria L. Foster",402,4
BOARD MEMBER,"Annabelle K. Garrett",403,4
BOARD MEMBER,"Whoopi Goldberg",404,4
BOARD MEMBER,"Paul B. Guenther",405,4
BOARD MEMBER,"Gurnee F. Hart",406,4
BOARD MEMBER,"Gerald L. Hassell",407,4
BOARD MEMBER,"Robert S. Hekemian, Jr.",408,4
BOARD MEMBER,"C. Robert Henrikson",409,4
BOARD MEMBER,"Ludmila Schwarzenberg Hess",410,4
BOARD MEMBER,"Stephen Heyer",411,4
BOARD MEMBER,"Ann Johnson",412,4
BOARD MEMBER,"Peter Jungen",413,4
BOARD MEMBER,"Mitsuhiko Kawai",414,4
BOARD MEMBER,"H. Frederick Krimendahl II",415,4
BOARD MEMBER,"Honey M. Kurtz",416,4
BOARD MEMBER,"Christian A. Lange",417,4
BOARD MEMBER,"Karen T. LeFrak",418,4
BOARD MEMBER,"William M. Lewis, Jr.",419,4
BOARD MEMBER,"Alan S. MacDonald",420,4
BOARD MEMBER,"Peter W. May",421,4
BOARD MEMBER,"Harold Mitchell, AC",422,4
BOARD MEMBER,"Lizabeth A. Newman",423,4
BOARD MEMBER,"Charles F. Niemeth",424,4
BOARD MEMBER,"C. Allen Parker, Esq.",425,4
BOARD MEMBER,"Itzhak Perlman",426,4
BOARD MEMBER,"Joel I. Picket",427,4
BOARD MEMBER,"Antonio Quintella",428,4
BOARD MEMBER,"Susan Rose",429,4
BOARD MEMBER,"Carol D. Schaefer",430,4
BOARD MEMBER,"Oscar S. Schafer",431,4
BOARD MEMBER,"Shirley Bacot Shamel",432,4
BOARD MEMBER,"Larry A. Silverstein",433,4
BOARD MEMBER,"Motumu Takahashi",434,4
BOARD MEMBER,"Oscar L. Tang",435,4
BOARD MEMBER,"Pamela Thomas-Graham",436,4
BOARD MEMBER,"Bobby Tudor",437,4
BOARD MEMBER,"Ronald J. Ulrich",438,4
BOARD MEMBER,"Daria L. Wallach",439,4
BOARD MEMBER,"Mary L. Wallach",440,4
BOARD MEMBER,"Sandra F. Warshawsky",441,4
BOARD MEMBER,"Paul B. Guenther",442,4
BOARD MEMBER,"Carlos Moseley",443,4
BOARD MEMBER,"Donald Blinken",444,4
BOARD MEMBER,"Edith S. Bouriez",445,4
BOARD MEMBER,"Dale M. Frehse",446,4
BOARD MEMBER,"Gunther E. Greiner",447,4
BOARD MEMBER,"William J. McDonough",448,4
BOARD MEMBER,"Phyllis J. Mills",449,4
BOARD MEMBER,"Donald A. Pels",450,4
BOARD MEMBER,"Paula L. Root",451,4
BOARD MEMBER,"Benjamin M. Rosen",452,4
BOARD MEMBER,"Joel E. Smilow",453,4
BOARD MEMBER,"Stephen Stamas",454,4
BOARD MEMBER,"Sanford I. Weill",455,4
BOARD MEMBER,"Mercedes T. Bass",456,4
BOARD MEMBER,"Clarissa Alcock Bronfman",457,4
BOARD MEMBER,"Klaus Jacobs",458,4
BOARD MEMBER,"Peter W. May",459,4
BOARD MEMBER,"Ronald O. Perelman",460,4
BOARD MEMBER,"Burton P. Resnick",461,4
BOARD MEMBER,"Kenneth J. Bialkin",462,4
BOARD MEMBER,"Edward C. Forst",463,4
BOARD MEMBER,"Clive Gillenson",464,4
BOARD MEMBER,"Richard A. Debs",465,4
BOARD MEMBER,"James D. Wolfensohn",466,4
BOARD MEMBER,"Earle S. Altman",467,4
BOARD MEMBER,"Martina Arroyo",468,4
BOARD MEMBER,"Emanuel Ax",469,4
BOARD MEMBER,"Mercedes T. Bass",470,4
BOARD MEMBER,"Norton Belknap",471,4
BOARD MEMBER,"Ronald E. Blaylock",472,4
BOARD MEMBER,"Nicola Bulgari",473,4
BOARD MEMBER,"Yoko Nagae Ceschina",474,4
BOARD MEMBER,"Gregory T. Durant",475,4
BOARD MEMBER,"Judith W. Evnin",476,4
BOARD MEMBER,"Anne M. Finucane",477,4
BOARD MEMBER,"Renée Fleming",478,4
BOARD MEMBER,"Marina Kellen French",479,4
BOARD MEMBER,"The Honorable Roy M. Goodman",480,4
BOARD MEMBER,"Marilyn Horne",481,4
BOARD MEMBER,"Stephen R. Howe Jr.",482,4
BOARD MEMBER,"Frederick J. Iseman",483,4
BOARD MEMBER,"Klaus Jacobs",484,4
BOARD MEMBER,"Robert W. Jones",485,4
BOARD MEMBER,"Gilbert Kaplan",486,4
BOARD MEMBER,"Mark E. Kingdon",487,4
BOARD MEMBER,"Suzie Kovner",488,4
BOARD MEMBER,"Robert K. Kraft",489,4
BOARD MEMBER,"Sallie L. Krawcheck",490,4
BOARD MEMBER,"Lang Lang",491,4
BOARD MEMBER,"Isabel Leonard",492,4
BOARD MEMBER,"Robert I. Lipp",493,4
BOARD MEMBER,"Terry J. Lundgren",494,4
BOARD MEMBER,"Yo-Yo Ma",495,4
BOARD MEMBER,"Thomas G. Maheras",496,4
BOARD MEMBER,"Audra McDonald",497,4
BOARD MEMBER,"Harold McGraw III",498,4
BOARD MEMBER,"Lester S. Morse Jr.",499,4
BOARD MEMBER,"Dennis M. Nally",500,4
BOARD MEMBER,"Joshua L. Nash",501,4
BOARD MEMBER,"Frank N. Newman",502,4
BOARD MEMBER,"Jessye Norman",503,4
BOARD MEMBER,"William G. Parrett",504,4
BOARD MEMBER,"Laura H. Pomerantz",505,4
BOARD MEMBER,"Don M. Randel",506,4
BOARD MEMBER,"Oscar de la Renta",507,4
BOARD MEMBER,"Burton P. Resnick",508,4
BOARD MEMBER,"Judith Rodin",509,4
BOARD MEMBER,"William D. Rondina",510,4
BOARD MEMBER,"Susan W. Rose",511,4
BOARD MEMBER,"Charles M. Rosenthal",512,4
BOARD MEMBER,"Sana H. Sabbagh",513,4
BOARD MEMBER,"Suki Sandler",514,4
BOARD MEMBER,"Mrs. Julio Mario Santo Domingo",515,4
BOARD MEMBER,"Dr. Thomas P. Sculco",516,4
BOARD MEMBER,"Henry T. Segerstrom",517,4
BOARD MEMBER,"Stanley S. Shuman",518,4
BOARD MEMBER,"David M. Siegel",519,4
BOARD MEMBER,"Sir Howard Stringer",520,4
BOARD MEMBER,"Kurt G. Strovink",521,4
BOARD MEMBER,"S. Donald Sussman",522,4
BOARD MEMBER,"James Taylor",523,4
BOARD MEMBER,"Linda J. Wachner",524,4
BOARD MEMBER,"Judy Francis Zankel",525,4
BOARD MEMBER,"John W. Zick",526,4
BOARD MEMBER,"Ann Ziff",527,4
BOARD MEMBER,"Ralph M. Baruch",528,4
BOARD MEMBER,"Pierre Boulez",529,4
BOARD MEMBER,"Roberta Peters",530,4
BOARD MEMBER,"Felix G. Rohatyn",531,4
BOARD MEMBER,"George T. Wein",532,4
BOARD MEMBER,"Marc S. Lipschultz",533,4
BOARD MEMBER,"Stuart J. Ellman*",534,4
BOARD MEMBER,"Paul Levy",535,4
BOARD MEMBER,"Marcia Eppler Colvin",536,4
BOARD MEMBER,"Jody Gottfried Arnhold",537,4
BOARD MEMBER,"Arthur Aufses, MD",538,4
BOARD MEMBER,"Glenn August",539,4
BOARD MEMBER,"Catherine H. Behrend",540,4
BOARD MEMBER,"Laurence D. Belfer",541,4
BOARD MEMBER,"Claire Benenson",542,4
BOARD MEMBER,"Michael Berland",543,4
BOARD MEMBER,"Len Blavatnik",544,4
BOARD MEMBER,"Thomas Block",545,4
BOARD MEMBER,"Matthew Bronfman*",546,4
BOARD MEMBER,"Kathy Chazen",547,4
BOARD MEMBER,"Andrew Crystal",548,4
BOARD MEMBER,"Richard Crystal",549,4
BOARD MEMBER,"Stanley Edelman, MD",550,4
BOARD MEMBER,"Michael S. Feldberg",551,4
BOARD MEMBER,"Christy Ferer",552,4
BOARD MEMBER,"Rick Gerson",553,4
BOARD MEMBER,"Jeffrey B. Goldenberg",554,4
BOARD MEMBER,"Jane H. Goldman",555,4
BOARD MEMBER,"Michael Goldstein*",556,4
BOARD MEMBER,"Daniel R. Kaplan*",557,4
BOARD MEMBER,"Thomas S. Kaplan*",558,4
BOARD MEMBER,"Lori A. Kasowitz",559,4
BOARD MEMBER,"Richard L. Kay",560,4
BOARD MEMBER,"Jonathan Korngold",561,4
BOARD MEMBER,"Eric Lane",562,4
BOARD MEMBER,"Nancy Z. Lane",563,4
BOARD MEMBER,"Marc Lasry",564,4
BOARD MEMBER,"William P. Lauder",565,4
BOARD MEMBER,"Howard M. Lorber",566,4
BOARD MEMBER,"Fredric Mack*",567,4
BOARD MEMBER,"Richard J. Mack",568,4
BOARD MEMBER,"Irwin Miller",569,4
BOARD MEMBER,"Philip L. Milstein*",570,4
BOARD MEMBER,"Cheryl Minikes",571,4
BOARD MEMBER,"Andrea Olshan",572,4
BOARD MEMBER,"Martin J. Oppenheimer",573,4
BOARD MEMBER,"John Paulson",574,4
BOARD MEMBER,"Martin J. Rabinowitz",575,4
BOARD MEMBER,"David S. Rose",576,4
BOARD MEMBER,"Marcella Rosen",577,4
BOARD MEMBER,"Barry Rosenstein",578,4
BOARD MEMBER,"Michael S. Roth",579,4
BOARD MEMBER,"Gail Michele Saltz, MD",580,4
BOARD MEMBER,"Mara Sandler",581,4
BOARD MEMBER,"Curtis Schenker",582,4
BOARD MEMBER,"David M. Schizer",583,4
BOARD MEMBER,"Dov Seidman",584,4
BOARD MEMBER,"Oliver Stanton",585,4
BOARD MEMBER,"Ronald Stein",586,4
BOARD MEMBER,"John Steinhardt",587,4
BOARD MEMBER,"Stuart Sucherman",588,4
BOARD MEMBER,"Bertram Teich",589,4
BOARD MEMBER,"Joan Tisch",590,4
BOARD MEMBER,"Eva Colin Usdan",591,4
BOARD MEMBER,"Kenneth L. Wallach",592,4
BOARD MEMBER,"Caryn Zucker",593,4
BOARD MEMBER,"Clive Chajet",594,4
BOARD MEMBER,"Jerome A. Chazen",595,4
BOARD MEMBER,"Gerald J. Grossman",596,4
BOARD MEMBER,"William H. Heyman",597,4
BOARD MEMBER,"Joan L. Jacobson*",598,4
BOARD MEMBER,"Lee Katz, PhD",599,4
BOARD MEMBER,"Elena Hahn Kiam",600,4
BOARD MEMBER,"Peter W. May",601,4
BOARD MEMBER,"Mitchell J. Nelson",602,4
BOARD MEMBER,"Madeline I. Noveck",603,4
BOARD MEMBER,"Elihu Rose",604,4
BOARD MEMBER,"Judith O. Rubin*",605,4
BOARD MEMBER,"Ruth S. Stanton",606,4
BOARD MEMBER,"Harriet Weintraub",607,4
BOARD MEMBER,"Myrna Z. Weiss",608,4
BOARD MEMBER,"James S. Tisch",609,4
BOARD MEMBER,"Charlotte Nichoson Ackert",610,4
BOARD MEMBER,"Cheryl Milstein",611,4
BOARD MEMBER,"Ann G. Tenenbaum",612,4
BOARD MEMBER,"Dirk Ziff",613,4
BOARD MEMBER,"Waheed Alli",614,4
BOARD MEMBER,"John P. Arnhold",615,4
BOARD MEMBER,"Lisa M. Caputo",616,4
BOARD MEMBER,"Raymond G. Chambers",617,4
BOARD MEMBER,"Thomas J. Connolly",618,4
BOARD MEMBER,"Marina Kellen French",619,4
BOARD MEMBER,"Edward Grebow",620,4
BOARD MEMBER,"Jeffrey Halis",621,4
BOARD MEMBER,"Kitty Hawks",622,4
BOARD MEMBER,"Cecilia Healy Herbert",623,4
BOARD MEMBER,"Katherine Nouri Hughes",624,4
BOARD MEMBER,"Elise Jaffe",625,4
BOARD MEMBER,"Mark Kaplan",626,4
BOARD MEMBER,"David H. Koch",627,4
BOARD MEMBER,"John A. Levin",628,4
BOARD MEMBER,"Daniel Levine",629,4
BOARD MEMBER,"Carol Sutton Lewis",630,4
BOARD MEMBER,"Thomas J. Moran",631,4
BOARD MEMBER,"Michael Peterson",632,4
BOARD MEMBER,"Judith Resnick",633,4
BOARD MEMBER,"Shelley F. Rubin",634,4
BOARD MEMBER,"Geoffrey K. Sands",635,4
BOARD MEMBER,"Alejandro Santo Domingo",636,4
BOARD MEMBER,"Barry Shapiro",637,4
BOARD MEMBER,"A.J.C. Smith",638,4
BOARD MEMBER,"Daniel H. Stern",639,4
BOARD MEMBER,"Paul P. Tanico",640,4
BOARD MEMBER,"Leonard Tow",641,4
BOARD MEMBER,"Thomas C. Uger",642,4
BOARD MEMBER,"Diana Vagelos",643,4
BOARD MEMBER,"Rosalind P. Walter",644,4
BOARD MEMBER,"Claude Becker Wassterstein",645,4
BOARD MEMBER,"Josh S. Weston",646,4
BOARD MEMBER,"Jane Stoddard Williams",647,4
BOARD MEMBER,"Paula Zahn",648,4
BOARD MEMBER,"William F. Baker",649,4
BOARD MEMBER,"Ralph M. Baruch",650,4
BOARD MEMBER,"Meredith Brokaw",651,4
BOARD MEMBER,"Elaine W. Conway",652,4
BOARD MEMBER,"Joan Ganz Cooney",653,4
BOARD MEMBER,"D. Ronald Daniel",654,4
BOARD MEMBER,"Oscar de la Renta",655,4
BOARD MEMBER,"H. John Greeniaus",656,4
BOARD MEMBER,"Thomas S. Johnson",657,4
BOARD MEMBER,"Betsy Lack",658,4
BOARD MEMBER,"Philip A. Laskawy",659,4
BOARD MEMBER,"James S. Marcus",660,4
BOARD MEMBER,"Anthony D. Marshall",661,4
BOARD MEMBER,"Morris W. Offit",662,4
BOARD MEMBER,"George D. O'Neill",663,4
BOARD MEMBER,"Ponchitta Pierce",664,4
BOARD MEMBER,"Elihu Rose",665,4
BOARD MEMBER,"Bernard L. Schwartz",666,4
BOARD MEMBER,"Stanley S. Shuman",667,4
BOARD MEMBER,"Marsha E. Simms",668,4
BOARD MEMBER,"Michael I. Sovern",669,4
BOARD MEMBER,"Scott M. Stuart",670,4
BOARD MEMBER,"Mortimer B. Zuckerman",671,4
BOARD MEMBER,"William M. Elinghaus",672,4
BOARD MEMBER,"Henry R. Kravis",673,4
BOARD MEMBER,"Steven R. Rattner",674,4
BOARD MEMBER,"Richard I. Beattie",675,4
BOARD MEMBER,"Elizabeth Rohatyn",676,4
BOARD MEMBER,"Josh S. Weston",677,4
BOARD MEMBER,"Elizabeth Thomas",678,4
BOARD MEMBER,"Anthony V. Bastardi",679,4
BOARD MEMBER,"Thomas A. Bracken",680,4
BOARD MEMBER,"Bernard Flynn",681,4
BOARD MEMBER,"Edward Graham",682,4
BOARD MEMBER,"Gov. Thomas H. Kean",683,4
BOARD MEMBER,"Scott Kobler",684,4
BOARD MEMBER,"Randall E. Mehrberg",685,4
BOARD MEMBER,"Brenda Ross-Dulan",686,4
BOARD MEMBER,"Neal Shapiro",687,4
BOARD MEMBER,"Robert L. Smartt",688,4
BOARD MEMBER,"Gary Wingens",689,4
BOARD MEMBER,"Neal Shapiro",690,4
BOARD MEMBER,"Caroline Croen",691,4
BOARD MEMBER,"Robert Feinberg",692,4
BOARD MEMBER,"Lisa Mantone",693,4
BOARD MEMBER,"Stephen Segaller",694,4
BOARD MEMBER,"Charlene Shapiro",695,4
BOARD MEMBER,"Carole Wacey",696,4
BOARD MEMBER,"Roslyn Davis",697,4
BOARD MEMBER,"Diane Masciale",698,4
BOARD MEMBER,"John Servido",699,4
BOARD MEMBER,"Marc Rosenwasser",700,4
BOARD MEMBER,"Daniel Greenberg",701,4
BOARD MEMBER,"Marjorie Harris",702,4
BOARD MEMBER,"Grazia Svokos",703,4
BOARD MEMBER,"Grace Lyu Volkhausen",704,4
BOARD MEMBER,"Vincent Maione",705,4
BOARD MEMBER,"Robert A. Marino",706,4
BOARD MEMBER,"Barry H. Ostrowsy",707,4
BOARD MEMBER,"Alan H. Fishman",708,4
BOARD MEMBER,"William I. Campbell",709,4
BOARD MEMBER,"Adam E. Max",710,4
BOARD MEMBER,"Karen Brooks Hopkins",711,4
BOARD MEMBER,"Joseph V. Melillo",712,4
BOARD MEMBER,"James I. McLaren",713,4
BOARD MEMBER,"Harvey Lichtenstein",714,4
BOARD MEMBER,"Jeffrey H. Barker",715,4
BOARD MEMBER,"Tony Bechara",716,4
BOARD MEMBER,"René Böttcher",717,4
BOARD MEMBER,"Gordon Bowen",718,4
BOARD MEMBER,"Linda Chinn",719,4
BOARD MEMBER,"Henry Christensen III",720,4
BOARD MEMBER,"Pamela A. Codispoti",721,4
BOARD MEMBER,"David E. R. Dangoor",722,4
BOARD MEMBER,"Cheryl Della Rosa",723,4
BOARD MEMBER,"Dinyar S. Devitre",724,4
BOARD MEMBER,"Beth Rudin DeWoody",725,4
BOARD MEMBER,"Mark Diker",726,4
BOARD MEMBER,"Andre Dua",727,4
BOARD MEMBER,"Brendan J. Dugan",728,4
BOARD MEMBER,"Thérèse Esperdy",729,4
BOARD MEMBER,"Teri Everett",730,4
BOARD MEMBER,"Mallory Factor",731,4
BOARD MEMBER,"Ronald E. Feiner, Esq.",732,4
BOARD MEMBER,"Richard E. Feldman, Esq.",733,4
BOARD MEMBER,"Steven G. Felsher",734,4
BOARD MEMBER,"Jeanne Donovan Fisher",735,4
BOARD MEMBER,"Barry M. Fox",736,4
BOARD MEMBER,"MaryAnne Gilmartin",737,4
BOARD MEMBER,"Robert M. Greenberg",738,4
BOARD MEMBER,"G. Penn Holsenbeck",739,4
BOARD MEMBER,"Anne Hubbard",740,4
BOARD MEMBER,"Mark H. Jackson",741,4
BOARD MEMBER,"Derek Jenkins",742,4
BOARD MEMBER,"Mary Kantor",743,4
BOARD MEMBER,"Daniel A. Klores",744,4
BOARD MEMBER,"Edgar A. Lampert",745,4
BOARD MEMBER,"François Letaconnoux",746,4
BOARD MEMBER,"Gary Lynch",747,4
BOARD MEMBER,"Martin F. Mertz",748,4
BOARD MEMBER,"Patricia E. Michels",749,4
BOARD MEMBER,"Ahrin Mishan",750,4
BOARD MEMBER,"Donald R. Mullen Jr.",751,4
BOARD MEMBER,"William A. Perlmuth",752,4
BOARD MEMBER,"David L. Ramsay, M.D., M.Ed.",753,4
BOARD MEMBER,"Frances A. Resheske",754,4
BOARD MEMBER,"Jonathan F.P. Rose",755,4
BOARD MEMBER,"Anna Kuzmik Sampas",756,4
BOARD MEMBER,"Alberto Sanchez",757,4
BOARD MEMBER,"Timothy Sebunya",758,4
BOARD MEMBER,"Adi Shamir",759,4
BOARD MEMBER,"Danny Simmons",760,4
BOARD MEMBER,"Jessica Smith",761,4
BOARD MEMBER,"Brian Stafford",762,4
BOARD MEMBER,"Joseph A. Stern",763,4
BOARD MEMBER,"Pedro Torres Ciliberto",764,4
BOARD MEMBER,"John L. Usdan",765,4
BOARD MEMBER,"Brigitte Vosse",766,4
BOARD MEMBER,"Nora Ann Wallace",767,4
BOARD MEMBER,"Elaine Weinstein",768,4
BOARD MEMBER,"Hon. Franklin R. Weissberg",769,4
BOARD MEMBER,"Vaughn C. Williams, Esq.",770,4
BOARD MEMBER,"Adam Wolfensohn",771,4
BOARD MEMBER,"Claire Wood",772,4
BOARD MEMBER,"Andrew Zolli",773,4
BOARD MEMBER,"Hon. Michael R. Bloomberg",774,4
BOARD MEMBER,"Hon. Christine C. Quinn",775,4
BOARD MEMBER,"Hon. Marty Markowitz",776,4
BOARD MEMBER,"Hon. Kate D. Levin",777,4
BOARD MEMBER,"Felice Forer Axelrod",778,4
BOARD MEMBER,"Lela Goren",779,4
BOARD MEMBER,"Neil D. Chrisman",780,4
BOARD MEMBER,"Seth S. Faison",781,4
BOARD MEMBER,"Bruce C. Ratner",782,4
BOARD MEMBER,"Robert L. Forbes",783,4
BOARD MEMBER,"Charles J. Hamm",784,4
BOARD MEMBER,"Barbara B. Haws, C.A.",785,4
BOARD MEMBER,"William Josephson",786,4
BOARD MEMBER,"John Lipsky",787,4
BOARD MEMBER,"Laurie Mallet",788,4
BOARD MEMBER,"Cathy-Ann Martine",789,4
BOARD MEMBER,"Elaine Weinstein",790,4
BOARD MEMBER,"David L. Picket",791,4
BOARD MEMBER,"Sarah C. Robertson",792,4
BOARD MEMBER,"Bartholomew A. Sheehan III",793,4
BOARD MEMBER,"Axel Stawski",794,4
BOARD MEMBER,"Jamie Snow Markowitz",795,4
BOARD MEMBER,"Mary Kantor",796,4
BOARD MEMBER,"Lawrence R. Ricciardi",797,4
BOARD MEMBER,"James R. Houghton",798,4
BOARD MEMBER,"Richard L. Menschel",799,4
BOARD MEMBER,"George L. K. Frelinghuysen",800,4
BOARD MEMBER,"Thomas J. Reid",801,4
BOARD MEMBER,"Karen H. Bechtel",802,4
BOARD MEMBER,"Rodney B. Berens",803,4
BOARD MEMBER,"Susanna Borghese",804,4
BOARD MEMBER,"T. Kimball Brooker",805,4
BOARD MEMBER,"Karen B. Cohen",806,4
BOARD MEMBER,"Flobelle Burden Davis",807,4
BOARD MEMBER,"Geoffrey K. Elliott",808,4
BOARD MEMBER,"Brian J. Higgins",809,4
BOARD MEMBER,"Jerker M. Johansson",810,4
BOARD MEMBER,"Clement C. Moore II",811,4
BOARD MEMBER,"John A. Morgan",812,4
BOARD MEMBER,"Diane A. Nixon",813,4
BOARD MEMBER,"Cosima Pavoncelli",814,4
BOARD MEMBER,"Peter Pennoyer",815,4
BOARD MEMBER,"Cynthia Hazen Polsky",816,4
BOARD MEMBER,"Katharine J. Rayner",817,4
BOARD MEMBER,"Annette de la Renta",818,4
BOARD MEMBER,"Hamilton Robinson, Jr.",819,4
BOARD MEMBER,"James A. Runde",820,4
BOARD MEMBER,"James Baker Sitrick",821,4
BOARD MEMBER,"Beatrice Stern",822,4
BOARD MEMBER,"Jeffrey C. Walker",823,4
BOARD MEMBER,"William T. Buice III",824,4
BOARD MEMBER,"William M. Griswold",825,4
BOARD MEMBER,"William James Wyer",826,4
BOARD MEMBER,"William R. Acquavella",827,4
BOARD MEMBER,"Walter Burke",828,4
BOARD MEMBER,"Haliburton Fales, 2d",829,4
BOARD MEMBER,"S. Parker Gilbert,",830,4
BOARD MEMBER,"Drue Heinz",831,4
BOARD MEMBER,"Lawrence Hughes",832,4
BOARD MEMBER,"Herbert Kasper",833,4
BOARD MEMBER,"Herbert L. Lucas",834,4
BOARD MEMBER,"Charles F. Morgan",835,4
BOARD MEMBER,"Robert M. Pennoyer",836,4
BOARD MEMBER,"Elaine L. Rosenberg",837,4
BOARD MEMBER,"Eugene V. Thaw",838,4
BOARD MEMBER,"Ladislaus von Hoffmann",839,4
BOARD MEMBER,"Baroness Mariuccia Zerilli-Marimò",840,4
BOARD MEMBER,"Gary W. Parr",841,4
BOARD MEMBER,"Thomas E. Tuft",842,4
BOARD MEMBER,"Mary C. Solomon",843,4
BOARD MEMBER,"Todd Haimes",844,4
BOARD MEMBER,"Samuel R. Chapin",845,4
BOARD MEMBER,"Lawrence Kaplen",846,4
BOARD MEMBER,"Alec Baldwin",847,4
BOARD MEMBER,"Jeffrey Barker",848,4
BOARD MEMBER,"Bill Borrelle",849,4
BOARD MEMBER,"Matthew Broderick",850,4
BOARD MEMBER,"James J. Burke, Jr.",851,4
BOARD MEMBER,"Jim Carter",852,4
BOARD MEMBER,"Mary Cirillo-Goldberg",853,4
BOARD MEMBER,"Michael T. Cohen",854,4
BOARD MEMBER,"Mike de Graffenried",855,4
BOARD MEMBER,"Douglas Durst",856,4
BOARD MEMBER,"Sylvia Golden",857,4
BOARD MEMBER,"Patricia R. Goldstein",858,4
BOARD MEMBER,"John R. Gordon",859,4
BOARD MEMBER,"Harry E. Gould, Jr.",860,4
BOARD MEMBER,"Perry B. Granoff",861,4
BOARD MEMBER,"Jeanne Hagerty",862,4
BOARD MEMBER,"Meryl D. Hartzband",863,4
BOARD MEMBER,"Maureen A. Hayes",864,4
BOARD MEMBER,"Abby F. Kohnstamm",865,4
BOARD MEMBER,"Gene R. Korf",866,4
BOARD MEMBER,"Stephanie Kramer",867,4
BOARD MEMBER,"Carole S. Krumland",868,4
BOARD MEMBER,"Cathy Lasry",869,4
BOARD MEMBER,"Mark J. Manoff",870,4
BOARD MEMBER,"David E. Massengill",871,4
BOARD MEMBER,"John P. McGarry, Jr.",872,4
BOARD MEMBER,"Cynthia Nixon",873,4
BOARD MEMBER,"Katheryn Patterson Kempner",874,4
BOARD MEMBER,"Laura Pels",875,4
BOARD MEMBER,"Charles Randolph-Wright",876,4
BOARD MEMBER,"Gregg Rechler",877,4
BOARD MEMBER,"Steven A. Sanders",878,4
BOARD MEMBER,"Steven Schroko",879,4
BOARD MEMBER,"Beryl Snyder",880,4
BOARD MEMBER,"Alyce Toonk",881,4
BOARD MEMBER,"Johs Worsoe",882,4
BOARD MEMBER,"Adam Zurofsky",883,4
BOARD MEMBER,"Christian C. Yegen",884,4
BOARD MEMBER,"Steven F. Goldstone",885,4
BOARD MEMBER,"Bob Donnalley",886,4
BOARD MEMBER,"Carol Mitchell",887,4
BOARD MEMBER,"Todd Haimes",888,4
BOARD MEMBER,"Harold Wolpert",889,4
BOARD MEMBER,"Julia C. Levy",890,4
BOARD MEMBER,"Scott Ellis",891,4
BOARD MEMBER,"Yolanda R. Turocy",892,4
BOARD MEMBER,"Polly Bergen",893,4
BOARD MEMBER,"Henry Cooperman",894,4
BOARD MEMBER,"Linda L. D\Onofrio",895,4
BOARD MEMBER,"Christopher M. Formant",896,4
BOARD MEMBER,"Boyd Gaines",897,4
BOARD MEMBER,"Ned Ginty",898,4
BOARD MEMBER,"Jodi Glucksman",899,4
BOARD MEMBER,"Carmen Grossman",900,4
BOARD MEMBER,"Barbara McIntyre Hack",901,4
BOARD MEMBER,"Jeannette Hobson",902,4
BOARD MEMBER,"H. Brett Humphreys",903,4
BOARD MEMBER,"Cherry Jones",904,4
BOARD MEMBER,"JoAnne Kennedy",905,4
BOARD MEMBER,"Frank Langella",906,4
BOARD MEMBER,"Helen Mirren",907,4
BOARD MEMBER,"Brian Murray",908,4
BOARD MEMBER,"Liam Neeson",909,4
BOARD MEMBER,"Christopher Plummer",910,4
BOARD MEMBER,"Ron Rifkin",911,4
BOARD MEMBER,"Laura S. Rodgers",912,4
BOARD MEMBER,"Patricia A. Stockhausen",913,4
BOARD MEMBER,"Janis Ing Strauss",914,4
BOARD MEMBER,"Cynthia C. Wainwright",915,4
BOARD MEMBER,"Barry C. Waldorf",916,4
BOARD MEMBER,"Tony Walton",917,4
BOARD MEMBER,"Mary G. Cadagin",918,4
BOARD MEMBER,"Marvin Rosen",919,4
BOARD MEMBER,"Sydney Beers",920,4
BOARD MEMBER,"Karen McKeel Calby",921,4
BOARD MEMBER,"Robert Schaffer",922,4
BOARD MEMBER,"Mark Tamagni",923,4
BOARD MEMBER,"Anthony W. Crowell",924,4
BOARD MEMBER,"Nicholas A. Gravante Jr.",925,4
BOARD MEMBER,"Miriam Katowitz",926,4
BOARD MEMBER,"Peter Aschkenasy",927,4
BOARD MEMBER,"Antonia Yuille Williams",928,4
BOARD MEMBER,"Michael R. Bloomberg",929,4
BOARD MEMBER,"Marty Markowitz",930,4
BOARD MEMBER,"Christine C. Quinn",931,4
BOARD MEMBER,"John C. Liu",932,4
BOARD MEMBER,"Jordan Barowitz",933,4
BOARD MEMBER,"Bonnie Bellamy-Watkins",934,4
BOARD MEMBER,"Michael Best",935,4
BOARD MEMBER,"Kwanza Butler",936,4
BOARD MEMBER,"Iris Y. Chiu",937,4
BOARD MEMBER,"Nina Collins",938,4
BOARD MEMBER,"Joseph I. Douek",939,4
BOARD MEMBER,"Jeff Gennette",940,4
BOARD MEMBER,"Hon. Ira B. Harkavy",941,4
BOARD MEMBER,"Kyle Kimball",942,4
BOARD MEMBER,"Michael Liburd",943,4
BOARD MEMBER,"Susan Marcinek",944,4
BOARD MEMBER,"Gino P. Menchini",945,4
BOARD MEMBER,"Hon. Alice Fisher Rubin",946,4
BOARD MEMBER,"Sandra Schubert",947,4
BOARD MEMBER,"Robin Shanus",948,4
BOARD MEMBER,"Christina Tettonis",949,4
BOARD MEMBER,"Leticia Theodore-Greene",950,4
BOARD MEMBER,"Dr. Lucille C. Thomas",951,4
BOARD MEMBER,"Linda E. Johnson",952,4
BOARD MEMBER,"Nicholas A. Gravante, Jr.",953,4
BOARD MEMBER,"Kyle Kimball",954,4
BOARD MEMBER,"Robin Shanus",955,4
BOARD MEMBER,"Bill de Blasio",956,4
BOARD MEMBER,"Eric Adams",957,4
BOARD MEMBER,"Melissa Mark-Viverito",958,4
BOARD MEMBER,"Scott M. Stringer",959,4
BOARD MEMBER,"Anthony W. Crowell",960,4
BOARD MEMBER,"Joseph I. Douek",961,4
BOARD MEMBER,"Jeff Gennette",962,4
BOARD MEMBER,"Hank Gutman",963,4
BOARD MEMBER,"Cindi Leive",964,4
BOARD MEMBER,"Kim-Thu Posnett",965,4
BOARD MEMBER,"Lisa Price",966,4
BOARD MEMBER,"Lewis Kruger",967,4
BOARD MEMBER,"Jerome A. Chazen",968,4
BOARD MEMBER,"Barbara Tober",969,4
BOARD MEMBER,"Fred Kleisner",970,4
BOARD MEMBER,"Linda E. Johnson",971,4
BOARD MEMBER,"HOLLY HOTCHNER",972,4
BOARD MEMBER,"Diego Arria",973,4
BOARD MEMBER,"Cecily Carson",974,4
BOARD MEMBER,"Simona Chazen",975,4
BOARD MEMBER,"CHARLES S. COHEN",976,4
BOARD MEMBER,"Michele Cohen",977,4
BOARD MEMBER,"Eric Dobkin",978,4
BOARD MEMBER,"Marcia Docter",979,4
BOARD MEMBER,"C. Virginia Fields",980,4
BOARD MEMBER,"Carolee Friedlander",981,4
BOARD MEMBER,"Kris Fuchs",982,4
BOARD MEMBER,"Seth Glickenhaus",983,4
BOARD MEMBER,"Sandra B. Grotta",984,4
BOARD MEMBER,"Edwin B. Hathaway",985,4
BOARD MEMBER,"Lisa Herbert",986,4
BOARD MEMBER,"Michael Jesselson",987,4
BOARD MEMBER,"Ann Kaplan",988,4
BOARD MEMBER,"Nanette L. Laitman",989,4
BOARD MEMBER,"Eric J. Lee",990,4
BOARD MEMBER,"Jeffrey Manocherian",991,4
BOARD MEMBER,"Robert Lee Morris",992,4
BOARD MEMBER,"Karim Rashid",993,4
BOARD MEMBER,"Kambiz shahbazi",994,4
BOARD MEMBER,"Barbara Karp Shuster",995,4
BOARD MEMBER,"Klara Silverstein",996,4
BOARD MEMBER,"Angela Sun",997,4
BOARD MEMBER,"William S. Taubman",998,4
BOARD MEMBER,"Miles Young",999,4
BOARD MEMBER,"Kay Bucksbaum",1000,4
BOARD MEMBER,"Suzanne G. Elson",1001,4
BOARD MEMBER,"Jane Korman",1002,4
BOARD MEMBER,"Jack Lenor Larsen",1003,4
BOARD MEMBER,"Jeanne Levitt",1004,4
BOARD MEMBER,"Nancy Marks",1005,4
BOARD MEMBER,"Aviva Robinson",1006,4
BOARD MEMBER,"Alfred R. Shands, III",1007,4
BOARD MEMBER,"Michael R. Bloomberg",1008,4
BOARD MEMBER,"Christine C. Quinn",1009,4
BOARD MEMBER,"Scott M. Stringer",1010,4
BOARD MEMBER,"Edwin B. Hathaway",1011,4
BOARD MEMBER,"Glenn Adamson",1012,4
BOARD MEMBER,"Dror Benshetrit",1013,4
BOARD MEMBER,"Marian C. Burke",1014,4
BOARD MEMBER,"Mike De Paola",1015,4
BOARD MEMBER,"Gale A. Brewer",1016,4
BOARD MEMBER,"Cynthia King Vance",1017,4
BOARD MEMBER,"John S. Rose",1018,4
BOARD MEMBER,"Susan Rebell Solomon",1019,4
BOARD MEMBER,"Mayo Stuntz",1020,4
BOARD MEMBER,"Howard S. Stein",1021,4
BOARD MEMBER,"Alan G. Weiler",1022,4
BOARD MEMBER,"Laura R. Walker",1023,4
BOARD MEMBER,"Jean B. Angell",1024,4
BOARD MEMBER,"Tom A. Bernstein",1025,4
BOARD MEMBER,"John Borthwick",1026,4
BOARD MEMBER,"David R. Caplan",1027,4
BOARD MEMBER,"Judith M. Carson",1028,4
BOARD MEMBER,"Charles M. Diker",1029,4
BOARD MEMBER,"Tom Finkelpearl",1030,4
BOARD MEMBER,"Martha J. Fleischman",1031,4
BOARD MEMBER,"Loretta Brennan Glucksman",1032,4
BOARD MEMBER,"Alan Jenkins",1033,4
BOARD MEMBER,"Alexander Kaplen",1034,4
BOARD MEMBER,"Anton J. Levy",1035,4
BOARD MEMBER,"Joanne Banks Matthews",1036,4
BOARD MEMBER,"Bethany Millard",1037,4
BOARD MEMBER,"Richard A. Pace",1038,4
BOARD MEMBER,"Ellen Polaner",1039,4
BOARD MEMBER,"Jonelle Procope",1040,4
BOARD MEMBER,"Jon W. Rotenstreich",1041,4
BOARD MEMBER,"Joshua Sapan",1042,4
BOARD MEMBER,"Herb Scannell",1043,4
BOARD MEMBER,"Lauren Seikaly",1044,4
BOARD MEMBER,"Peter Shapiro",1045,4
BOARD MEMBER,"Peter Tague",1046,4
BOARD MEMBER,"Nicki Newman Tanner",1047,4
BOARD MEMBER,"Andrea L. Taylor",1048,4
BOARD MEMBER,"Keith Thomas",1049,4
BOARD MEMBER,"Wilma S. Tisch",1050,4
BOARD MEMBER,"Bradley A. Whitman",1051,4
BOARD MEMBER,"Frank D. Yeary",1052,4
BOARD MEMBER,"Peter H. Darrow",1053,4
BOARD MEMBER,"Eduardo G. Mestre",1054,4
BOARD MEMBER,"Lulu C. Wang",1055,4
BOARD MEMBER,"Laura R. Walker",1056,4
BOARD MEMBER,"Dean Cappello",1057,4
BOARD MEMBER,"Thomas Hjelm",1058,4
BOARD MEMBER,"Margaret Pomeroy Hunt",1059,4
BOARD MEMBER,"Rachna Karrol",1060,4
BOARD MEMBER,"Graham Parker",1061,4
BOARD MEMBER,"Michele Rusnak",1062,4
BOARD MEMBER,"Andrea Collins",1063,4
BOARD MEMBER,"Kate D. Levin",1064,4
BOARD MEMBER,"Anne Spitzer",1065,4
BOARD MEMBER,"Thomas B. Morgan",1066,4
BOARD MEMBER,"Thomas Bartunek",1067,4
BOARD MEMBER,"Noreen O'Loughlin",1068,4
BOARD MEMBER,"Michael R. Bloomberg",1069,4
BOARD MEMBER,"Richard H. Bagger",1070,4
BOARD MEMBER,"Virginia S. Bauer",1071,4
BOARD MEMBER,"David Beamer",1072,4
BOARD MEMBER,"Paula Grant Berry",1073,4
BOARD MEMBER,"Frank Bisignano",1074,4
BOARD MEMBER,"Debra Burlingame",1075,4
BOARD MEMBER,"John P. Cahill",1076,4
BOARD MEMBER,"Russell L. Carson",1077,4
BOARD MEMBER,"Kenneth I. Chenault",1078,4
BOARD MEMBER,"Keating Crown",1079,4
BOARD MEMBER,"Billy Crystal",1080,4
BOARD MEMBER,"Robert De Niro",1081,4
BOARD MEMBER,"Samuel A. DiPiazza, Jr.",1082,4
BOARD MEMBER,"Christine A. Ferer",1083,4
BOARD MEMBER,"Anne M. Finucane",1084,4
BOARD MEMBER,"Maurice R. Greenberg",1085,4
BOARD MEMBER,"Dr. Vartan Gregorian",1086,4
BOARD MEMBER,"Patricia E. Harris",1087,4
BOARD MEMBER,"William B. Harrison, Jr.",1088,4
BOARD MEMBER,"Gerald L. Hassell",1089,4
BOARD MEMBER,"Lee A. Ielpi",1090,4
BOARD MEMBER,"Robert Iger",1091,4
BOARD MEMBER,"Monica Iken",1092,4
BOARD MEMBER,"Robert Wood Johnson, IV",1093,4
BOARD MEMBER,"Thomas S. Johnson",1094,4
BOARD MEMBER,"Robert Kasdin",1095,4
BOARD MEMBER,"Anthoula Katsimatides",1096,4
BOARD MEMBER,"Peter M. Lehrer",1097,4
BOARD MEMBER,"Howard W. Lutnick",1098,4
BOARD MEMBER,"Julie Menin",1099,4
BOARD MEMBER,"Ira M. Millstein",1100,4
BOARD MEMBER,"Howard Milstein",1101,4
BOARD MEMBER,"Paul Napoli",1102,4
BOARD MEMBER,"Peter G. Peterson",1103,4
BOARD MEMBER,"Emily K. Rafferty",1104,4
BOARD MEMBER,"Kevin M. Rampe",1105,4
BOARD MEMBER,"Scott Rechler",1106,4
BOARD MEMBER,"Dr. Judith Rodin",1107,4
BOARD MEMBER,"Thomas H. Rogér",1108,4
BOARD MEMBER,"Jane Rosenthal",1109,4
BOARD MEMBER,"E. John Rosenwald, Jr.",1110,4
BOARD MEMBER,"Avi Schick",1111,4
BOARD MEMBER,"Andrew M. Senchak",1112,4
BOARD MEMBER,"Jerry I. Speyer",1113,4
BOARD MEMBER,"Craig Roberts Stapleton",1114,4
BOARD MEMBER,"Jon Stewart",1115,4
BOARD MEMBER,"Anne M. Tatlock",1116,4
BOARD MEMBER,"Daniel R. Tishman",1117,4
BOARD MEMBER,"Seth Waugh",1118,4
BOARD MEMBER,"Carl Weisbrod",1119,4
BOARD MEMBER,"John C. Whitehead",1120,4
BOARD MEMBER,"John E. Zuccotti",1121,4
BOARD MEMBER,"George E. Pataki",1122,4
BOARD MEMBER,"President George H. W. Bush",1123,4
BOARD MEMBER,"President George W. Bush",1124,4
BOARD MEMBER,"President Jimmy Carter",1125,4
BOARD MEMBER,"President William J. Clinton",1126,4
BOARD MEMBER,"Christ Christie",1127,4
BOARD MEMBER,"Jon S. Corzine",1128,4
BOARD MEMBER,"Andrew M. Cuomo",1129,4
BOARD MEMBER,"Rudolph W. Giuliani",1130,4
BOARD MEMBER,"Margot Bogert",1131,4
BOARD MEMBER,"L. F. Boker Doyle",1132,4
BOARD MEMBER,"Franklin W. Hobbs",1133,4
BOARD MEMBER,"Michael J. Horvitz",1134,4
BOARD MEMBER,"Peter P. Blanchard III",1135,4
BOARD MEMBER,"Ayesha Bulchandani-Mathrani",1136,4
BOARD MEMBER,"Blair Effron",1137,4
BOARD MEMBER,"Jean-Marie Eveillard",1138,4
BOARD MEMBER,"Barbara G. Fleischman",1139,4
BOARD MEMBER,"Emily T. Frick",1140,4
BOARD MEMBER,"Sidney R. Knafel",1141,4
BOARD MEMBER,"Charles M. Royce",1142,4
BOARD MEMBER,"Juan Sabater",1143,4
BOARD MEMBER,"Stephen A. Schwarzman",1144,4
BOARD MEMBER,"Aso O. Tavitian",1145,4
BOARD MEMBER,"Ian Wardropper, ex officio",1146,4
BOARD MEMBER,"Antonio Weiss",1147,4
BOARD MEMBER,"Helen Clay Chace",1148,4
BOARD MEMBER,"John P. Birkelund",1149,4
BOARD MEMBER,"I. Townsend Burden III",1150,4
BOARD MEMBER,"Walter Joseph Patrick Curley",1151,4
BOARD MEMBER,"Walter A. Eberstadt",1152,4
BOARD MEMBER,"Howard Phipps Jr.",1153,4
BOARD MEMBER,"James S. Reibel, M.D.",1154,4
BOARD MEMBER,"Melinda Martin Sullivan",1155,4
BOARD MEMBER,"John H. Banks III",1156,4
BOARD MEMBER,"John P. Birkelund",1157,4
BOARD MEMBER,"Samuel C. Butler",1158,4
BOARD MEMBER,"Sila M. Calderon",1159,4
BOARD MEMBER,"Evan R. Chesler",1160,4
BOARD MEMBER,"Joan Hardy Clark",1161,4
BOARD MEMBER,"Sol Neil Corbin",1162,4
BOARD MEMBER,"Lewis B. Cullman",1163,4
BOARD MEMBER,"Robert Darnton",1164,4
BOARD MEMBER,"Gordon J. Davis",1165,4
BOARD MEMBER,"Anne E. de la Renta",1166,4
BOARD MEMBER,"James H. Duffy",1167,4
BOARD MEMBER,"H.R.H. Princess Firyal",1168,4
BOARD MEMBER,"Barbara G. Fleischman",1169,4
BOARD MEMBER,"Henry Louis Gates, Jr.",1170,4
BOARD MEMBER,"Barbara Goldsmith",1171,4
BOARD MEMBER,"William Gray",1172,4
BOARD MEMBER,"Alan C. Greenberg",1173,4
BOARD MEMBER,"Louise L. Grunwald",1174,4
BOARD MEMBER,"John H. Gutfreund",1175,4
BOARD MEMBER,"Ralph E. Hansmann",1176,4
BOARD MEMBER,"John B. Hess",1177,4
BOARD MEMBER,"Mahnaz Ispahani Bartos",1178,4
BOARD MEMBER,"Patricia D. Klingenstein",1179,4
BOARD MEMBER,"Robert LIberman",1180,4
BOARD MEMBER,"Scott D. Malkin",1181,4
BOARD MEMBER,"Victor Marrero",1182,4
BOARD MEMBER,"Catherine C. Marron",1183,4
BOARD MEMBER,"Harold W. McGraw III",1184,4
BOARD MEMBER,"Raymond J. McGuire",1185,4
BOARD MEMBER,"Robert B. Menschel",1186,4
BOARD MEMBER,"Abby S. Milstein",1187,4
BOARD MEMBER,"Susan Morgenthau",1188,4
BOARD MEMBER,"Toni Morrison",1189,4
BOARD MEMBER,"Suzanne C. Mueller",1190,4
BOARD MEMBER,"Susan M. Newhouse",1191,4
BOARD MEMBER,"Jessye Norman",1192,4
BOARD MEMBER,"Carl H. Pforzheimer III",1193,4
BOARD MEMBER,"Richard L. Plepler",1194,4
BOARD MEMBER,"Harold Prince",1195,4
BOARD MEMBER,"Katharine J. Rayner",1196,4
BOARD MEMBER,"David Remnick",1197,4
BOARD MEMBER,"Elizabeth Rohatyn",1198,4
BOARD MEMBER,"Marshall Rose",1199,4
BOARD MEMBER,"Sandra Priest Rose",1200,4
BOARD MEMBER,"Neil L. Rudenstine",1201,4
BOARD MEMBER,"Stephen A. Schwarzman",1202,4
BOARD MEMBER,"Robert B. Silvers",1203,4
BOARD MEMBER,"Dinakar Singh",1204,4
BOARD MEMBER,"Gayfryd Steinberg",1205,4
BOARD MEMBER,"Joshua L. Steiner",1206,4
BOARD MEMBER,"James S. Tisch",1207,4
BOARD MEMBER,"Calvin Trillin",1208,4
BOARD MEMBER,"Luis A Ubiñas",1209,4
BOARD MEMBER,"Edgar Wachenheim III",1210,4
BOARD MEMBER,"Sue Ann Weinberg",1211,4
BOARD MEMBER,"Anthony W. Marx",1212,4
BOARD MEMBER,"Michael R. Bloomberg",1213,4
BOARD MEMBER,"Marjorie B. Tiven",1214,4
BOARD MEMBER,"Christie C. Quinn",1215,4
BOARD MEMBER,"Peter Rider",1216,4
BOARD MEMBER,"John C. Liu",1217,4
BOARD MEMBER,"Leigh M. Miller",1218,4
BOARD MEMBER,"Kenneth S. Axelson",1219,4
BOARD MEMBER,"Timothy Barakett",1220,4
BOARD MEMBER,"Donald M. Blinken",1221,4
BOARD MEMBER,"Edgar Bronfman, Jr.",1222,4
BOARD MEMBER,"Barry Diller",1223,4
BOARD MEMBER,"Robert R. Douglass",1224,4
BOARD MEMBER,"Andreas C. Dracopoulos",1225,4
BOARD MEMBER,"Vartan Gregorian",1226,4
BOARD MEMBER,"Conrad K. Harper",1227,4
BOARD MEMBER,"Roger Hertog",1228,4
BOARD MEMBER,"Paul LeClerc",1229,4
BOARD MEMBER,"John P. Mascotte",1230,4
BOARD MEMBER,"Hamish Maxwell",1231,4
BOARD MEMBER,"Henry A. MicKinnell",1232,4
BOARD MEMBER,"Stanley G. Mortimer III",1233,4
BOARD MEMBER,"Diane S. Ravitch",1234,4
BOARD MEMBER,"Richard E. Salomon",1235,4
BOARD MEMBER,"Stephen Stamas",1236,4
BOARD MEMBER,"Alfred R. Stern",1237,4
BOARD MEMBER,"Tom Wolfe",1238,4
BOARD MEMBER,"Vartan Gregorian",1239,4
BOARD MEMBER,"Paul LeClerc",1240,4
BOARD MEMBER,"Catherine C. Marron",1241,4
BOARD MEMBER,"Elizabeth Rohatyn",1242,4
BOARD MEMBER,"Marshall Rose",1243,4
BOARD MEMBER,"Neil L. Rudenstine",1244,4
BOARD MEMBER,"Abby S. Milstein",1245,4
BOARD MEMBER,"Evan R. Chesler",1246,4
BOARD MEMBER,"Anthony W. Marx",1247,4
BOARD MEMBER,"Jane Aboyoun",1248,4
BOARD MEMBER,"Jacqueline F. Bausch",1249,4
BOARD MEMBER,"Todd M. Corbin",1250,4
BOARD MEMBER,"Anne L. Coriston",1251,4
BOARD MEMBER,"Mary Lee Kennedy",1252,4
BOARD MEMBER,"Michele Coleman Mayes",1253,4
BOARD MEMBER,"George D. Mihaltses",1254,4
BOARD MEMBER,"David G. Offensend",1255,4
BOARD MEMBER,"Joannaa M. Pestka",1256,4
BOARD MEMBER,"James Pisaniello",1257,4
BOARD MEMBER,"Jeffrey Roth",1258,4
BOARD MEMBER,"Louise Shea",1259,4
BOARD MEMBER,"Ann D. Thornton",1260,4
BOARD MEMBER,"Kenneth N. Weine",1261,4
BOARD MEMBER,"Jennifer Zaslow",1262,4
BOARD MEMBER,"Anthony Appiah",1263,4
BOARD MEMBER,"Elizabeth Kojima",1264,4
BOARD MEMBER,"George Stephanopoulos",1265,4
BOARD MEMBER,"Bill de Blasio",1266,4
BOARD MEMBER,"Melissa Mark-Viverito",1267,4
BOARD MEMBER,"Carey Maloney",1268,4
BOARD MEMBER,"Scott Stringer",1269,4
BOARD MEMBER,"Iris Weinshall",1270,4
BOARD MEMBER,"Carrie Welch",1271,4
BOARD MEMBER,"Ryan Cairns",1272,4
BOARD MEMBER,"Christopher Platt",1273,4
BOARD MEMBER,"Susan B. Gilbert",1274,4
BOARD MEMBER,"Elaine Wingate Conway",1275,4
BOARD MEMBER,"Kurt A. Goddard",1276,4
BOARD MEMBER,"Michael J. Jones",1277,4
BOARD MEMBER,"Gabrielle Shubert",1278,4
BOARD MEMBER,"Judith D. Cooper",1279,4
BOARD MEMBER,"Ben D'Alessandro",1280,4
BOARD MEMBER,"John di Domenico",1281,4
BOARD MEMBER,"Brian P. Dolan",1282,4
BOARD MEMBER,"Beverly Dolinsky",1283,4
BOARD MEMBER,"Simon Fludgate",1284,4
BOARD MEMBER,"Robert E. Furniss",1285,4
BOARD MEMBER,"Tara Gallagher",1286,4
BOARD MEMBER,"John B. Hobby",1287,4
BOARD MEMBER,"Hiroji Iwasaki",1288,4
BOARD MEMBER,"Kristen L. Johanson",1289,4
BOARD MEMBER,"Stuart Leffler",1290,4
BOARD MEMBER,"Michael Lombardi",1291,4
BOARD MEMBER,"Michael Marchelletta",1292,4
BOARD MEMBER,"Alfredo S. Quintero",1293,4
BOARD MEMBER,"Denise Richardson",1294,4
BOARD MEMBER,"Edward T. Seaman",1295,4
BOARD MEMBER,"Sandra Bloodworth",1296,4
BOARD MEMBER,"Paul Fleuranges",1297,4
BOARD MEMBER,"Don Harold",1298,4
BOARD MEMBER,"Michael Horodniceanu",1299,4
BOARD MEMBER,"Marilyn Pettit",1300,4
BOARD MEMBER,"Terrie Rouse",1301,4
BOARD MEMBER,"Robert Wechsler",1302,4
BOARD MEMBER,"William Withuhn",1303,4
BOARD MEMBER,"Ruby A. Siegel",1304,4
BOARD MEMBER,"Barbara A. Mandel",1305,4
BOARD MEMBER,"Nancy A. Marks",1306,4
BOARD MEMBER,"Enid W. Morse",1307,4
BOARD MEMBER,"Beth Comstock",1308,4
BOARD MEMBER,"Elizabeth Ainslie",1309,4
BOARD MEMBER,"Agnes C. Bourne",1310,4
BOARD MEMBER,"Michael R. Francis",1311,4
BOARD MEMBER,"Lisa S. Roberts",1312,4
BOARD MEMBER,"Judy Francis Zankel",1313,4
BOARD MEMBER,"Eric A. Green",1314,4
BOARD MEMBER,"Kurt Andersen",1315,4
BOARD MEMBER,"Carl Bass",1316,4
BOARD MEMBER,"Scott Belsky",1317,4
BOARD MEMBER,"Amita Chatterjee",1318,4
BOARD MEMBER,"Alberto Eiber, M.D.",1319,4
BOARD MEMBER,"Marilyn F. Friedman",1320,4
BOARD MEMBER,"Shelby M. Gans",1321,4
BOARD MEMBER,"Alice Gottesman",1322,4
BOARD MEMBER,"Paul Herzan, Chairman Emeritus",1323,4
BOARD MEMBER,"Jon C. Iwata",1324,4
BOARD MEMBER,"Madeleine Rudin Johnson",1325,4
BOARD MEMBER,"Jon Kamen",1326,4
BOARD MEMBER,"Francine S. Kittredge",1327,4
BOARD MEMBER,"Claudia Kotchka",1328,4
BOARD MEMBER,"Harvey M. Krueger, Chairman Emeritus",1329,4
BOARD MEMBER,"David Lubars",1330,4
BOARD MEMBER,"John Maeda",1331,4
BOARD MEMBER,"Margery F. Masinter",1332,4
BOARD MEMBER,"Richard Meier",1333,4
BOARD MEMBER,"Henry R. Muñoz III",1334,4
BOARD MEMBER,"Karen A. Phillips",1335,4
BOARD MEMBER,"Avi N. Reichental",1336,4
BOARD MEMBER,"David Rockwell",1337,4
BOARD MEMBER,"Esme Usdan",1338,4
BOARD MEMBER,"Todd Waterbury",1339,4
BOARD MEMBER,"Kathleen B. Allaire",1340,4
BOARD MEMBER,"Joan K. Davidson",1341,4
BOARD MEMBER,"Kenneth B. Miller",1342,4
BOARD MEMBER,"Smithsonian Institution",1343,4
BOARD MEMBER,"David J. Skorton",1344,4
BOARD MEMBER,"Richard Kurin",1345,4
BOARD MEMBER,"Caroline Baumann",1346,4
