ID,First year,Position,Name,Trimmed,Institution,Type
1,2013,Trustee,Alan Rappaport,Alan Rappaport,American Museum of Natural History,Board
2,2014,Trustee,Ann Ziff,Ann Ziff,American Museum of Natural History,Board
3,2014,Trustee,Anna Deavere Smith,Anna Deavere Smith,American Museum of Natural History,Board
4,2013,Trustee,Anne Sidamon-Eristoff,Anne Sidamon-Eristoff,American Museum of Natural History,Board
5,2013,Trustee,Archibald Cox Jr.,Archibald Cox Jr.,American Museum of Natural History,Board
6,2013,Trustee,Charles E. Phillips Jr.,Charles E. Phillips Jr.,American Museum of Natural History,Board
7,2013,Treasurer,Charles H. Mott,Charles H. Mott,American Museum of Natural History,Board
8,2013,Trustee,Christine A. Varney,Christine A. Varney,American Museum of Natural History,Board
9,2013,Trustee,Christopher C. Davis,Christopher C. Davis,American Museum of Natural History,Board
10,2013,Trustee,David H. Koch,David H. Koch,American Museum of Natural History,Board
11,2013,Vice Chairman ,David S. Gottesman,David S. Gottesman,American Museum of Natural History,Board
12,2013,Trustee,Edwin H. Morgens,Edwin H. Morgens,American Museum of Natural History,Board
13,2013,President ,Ellen V. Futter,Ellen V. Futter,American Museum of Natural History,Board
14,2013,Vice Chairman ,Fiona Druckenmiller,Fiona Druckenmiller,American Museum of Natural History,Board
15,2013,Trustee,Frank V. Sica,Frank V. Sica,American Museum of Natural History,Board
16,2013,Trustee,Frederick A. Klingenstein,Frederick A. Klingenstein,American Museum of Natural History,Board
17,2013,Trustee,Helene D. Gayle,Helene D. Gayle,American Museum of Natural History,Board
18,2013,Trustee,Helene L. Kaplan,Helene L. Kaplan,American Museum of Natural History,Board
19,2013,Trustee,Ilene Sackler Lefcourt,Ilene Sackler Lefcourt,American Museum of Natural History,Board
20,2013,Trustee,Irma Milstein,Irma Milstein,American Museum of Natural History,Board
21,2014,Trustee,Jackie Bezos,Jackie Bezos,American Museum of Natural History,Board
22,2013,Trustee,Joseph H. Gleberman,Joseph H. Gleberman,American Museum of Natural History,Board
23,2013,Trustee,Katheryn P. Kempner,Katheryn P. Kempner,American Museum of Natural History,Board
24,2014,Trustee,Kenneth L. Wallach,Kenneth L. Wallach,American Museum of Natural History,Board
25,2014,Trustee,Laura Baudo Sillerman,Laura Baudo Sillerman,American Museum of Natural History,Board
26,2013,Chairman ,Lewis W. Bernard,Lewis W. Bernard,American Museum of Natural History,Board
27,2013,Vice Chairman ,Linda R. Macaulay,Linda R. Macaulay,American Museum of Natural History,Board
28,2013,Trustee,Lorne Michaels,Lorne Michaels,American Museum of Natural History,Board
29,2013,Vice Chairman ,Louis V. Gerstner Jr.,Louis V. Gerstner Jr.,American Museum of Natural History,Board
30,2013,Trustee,Marlene Hess,Marlene Hess,American Museum of Natural History,Board
31,2013,Trustee,Mary C. Solomon,Mary C. Solomon,American Museum of Natural History,Board
32,2013,Trustee,Nancy B. Fessenden,Nancy B. Fessenden,American Museum of Natural History,Board
33,2013,Trustee,Peter J. Solomon,Peter J. Solomon,American Museum of Natural History,Board
34,2014,Trustee,Rebekah Mercer,Rebekah Mercer,American Museum of Natural History,Board
35,2013,Trustee,Richard D. Parsons,Richard D. Parsons,American Museum of Natural History,Board
36,2013,Trustee,Richard E. Jaffe,Richard E. Jaffe,American Museum of Natural History,Board
37,2013,Trustee,Richard Gilder,Richard Gilder,American Museum of Natural History,Board
38,2013,Trustee,Richard L. Revesz,Richard L. Revesz,American Museum of Natural History,Board
39,2013,Trustee,Richard S. LeFrak,Richard S. LeFrak,American Museum of Natural History,Board
40,2013, Chairman Emeritus,Robert G. Goelet,Robert G. Goelet,American Museum of Natural History,Board
41,2013,Vice Chairman ,Roberto A. Mignone,Roberto A. Mignone,American Museum of Natural History,Board
42,2013,Vice Chairman ,Roger C. Altman,Roger C. Altman,American Museum of Natural History,Board
43,2013,Trustee,Scott L. Bok,Scott L. Bok,American Museum of Natural History,Board
44,2014,Trustee,Shaiza Rizavi,Shaiza Rizavi,American Museum of Natural History,Board
45,2013,Secretary,Sibyl R. Golden,Sibyl R. Golden,American Museum of Natural History,Board
46,2013,Trustee,Stephanie Bell-Rose,Stephanie Bell-Rose,American Museum of Natural History,Board
47,2013,Trustee,Tamsen Ann Ziff,Tamsen Ann Ziff,American Museum of Natural History,Board
48,2013,Trustee,Theodore A. Mathas,Theodore A. Mathas,American Museum of Natural History,Board
49,2013,Trustee,Theodore Roosevelt IV,Theodore Roosevelt IV,American Museum of Natural History,Board
50,2013,Trustee,Tina Fey,Tina Fey,American Museum of Natural History,Board
51,2013,Trustee,Tom Brokaw,Tom Brokaw,American Museum of Natural History,Board
52,2014,Trustee,Valerie S. Peltier,Valerie S. Peltier,American Museum of Natural History,Board
53,2014,Trustee,Victor Marrero,Victor Marrero,American Museum of Natural History,Board
54,2013,Trustee,Virginia Hearst Randt,Virginia Hearst Randt,American Museum of Natural History,Board
55,2013,Trustee,Vivian H. Donnelley,Vivian H. Donnelley,American Museum of Natural History,Board
56,2013,Trustee,Walter V. Shipley,Walter V. Shipley,American Museum of Natural History,Board
57,2012,DIRECTORS ,"\®Frank A. Bennack, Jr. ","\®Frank A. Bennack, Jr.",Lincoln Center,Board
58,2012,DIRECTORS ,Adrienne Arsht ,Adrienne Arsht,Lincoln Center,Board
59,2012,DIRECTORS ,Alair A. Townsend ,Alair A. Townsend,Lincoln Center,Board
60,2012,DIRECTORS ,Ann Unterberg ,Ann Unterberg,Lincoln Center,Board
61,2012,VICE CHAIRS ,Ann Ziff ,Ann Ziff,Lincoln Center,Board
62,2013,DIRECTORS ,Anna Nikolayevsky  Benton,Anna Nikolayevsky Benton,Lincoln Center,Board
63,2012,DIRECTORS ,Audra McDonald ,Audra McDonald,Lincoln Center,Board
64,2012,DIRECTORS ,Audrey Butvay Gruss ,Audrey Butvay Gruss,Lincoln Center,Board
65,2012,DIRECTORS ,Barbara Walters ,Barbara Walters,Lincoln Center,Board
66,2012,DIRECTORS ,Bart Friedman ,Bart Friedman,Lincoln Center,Board
67,2013,DIRECTORS ,Bennett J. Goodman ,Bennett J. Goodman,Lincoln Center,Board
68,2012,DIRECTORS ,Betty Levin ,Betty Levin,Lincoln Center,Board
69,2012,TREASURER ,Blair W. Effron ,Blair W. Effron,Lincoln Center,Board
70,2012,VICE CHAIRS ,Bruce Kovner ,Bruce Kovner,Lincoln Center,Board
71,2012,DIRECTORS ,Bryan Lourd ,Bryan Lourd,Lincoln Center,Board
72,2012,DIRECTORS ,Christina Baker ,Christina Baker,Lincoln Center,Board
73,2012,DIRECTORS ,Christopher J. Williams ,Christopher J. Williams,Lincoln Center,Board
74,2012,DIRECTORS ,Clara Wu Tsai ,Clara Wu Tsai,Lincoln Center,Board
75,2012,DIRECTORS ,Daniel Crown ,Daniel Crown,Lincoln Center,Board
76,2012,DIRECTORS ,Daniel H. Stern ,Daniel H. Stern,Lincoln Center,Board
77,2012,DIRECTORS ,Daniel S. Och ,Daniel S. Och,Lincoln Center,Board
78,2012,DIRECTORS ,David A. Hunt ,David A. Hunt,Lincoln Center,Board
79,2012,VICE CHAIRS ,David Alan Coulter ,David Alan Coulter,Lincoln Center,Board
80,2012,DIRECTORS ,David H. Koch ,David H. Koch,Lincoln Center,Board
81,2012,DIRECTORS ,David M. Rubenstein ,David M. Rubenstein,Lincoln Center,Board
82,2013,DIRECTORS ,Diane M. Coffey ,Diane M. Coffey,Lincoln Center,Board
83,2012,DIRECTORS ,Edward P. Gilligan ,Edward P. Gilligan,Lincoln Center,Board
84,2012,DIRECTORS ,Efraim Grinberg ,Efraim Grinberg,Lincoln Center,Board
85,2012,DIRECTORS ,Elizabeth Rohatyn ,Elizabeth Rohatyn,Lincoln Center,Board
86,2012,DIRECTORS ,Elliot S. Jaffe ,Elliot S. Jaffe,Lincoln Center,Board
87,2012,DIRECTORS ,Gary W. Parr ,Gary W. Parr,Lincoln Center,Board
88,2013,DIRECTORS ,Gayfryd Steinberg ,Gayfryd Steinberg,Lincoln Center,Board
89,2012,DIRECTORS ,George Walker ,George Walker,Lincoln Center,Board
90,2012,DIRECTORS ,Guoqing Chen ,Guoqing Chen,Lincoln Center,Board
91,2012,DIRECTORS ,"Harold Ford, Jr. ","Harold Ford, Jr.",Lincoln Center,Board
92,2012,DIRECTORS ,Honorable Judith S. Kaye ,Honorable Judith S. Kaye,Lincoln Center,Board
93,2012,DIRECTORS ,Indra Nooyi ,Indra Nooyi,Lincoln Center,Board
94,2013,DIRECTORS ,Ingeborg Rennert ,Ingeborg Rennert,Lincoln Center,Board
95,2012,DIRECTORS ,J. Tomilson Hill ,J. Tomilson Hill,Lincoln Center,Board
96,2012,DIRECTORS ,James G. Dinan ,James G. Dinan,Lincoln Center,Board
97,2013,DIRECTORS ,James P. O\Shaughnessy ,James P. O\Shaughnessy,Lincoln Center,Board
98,2012,DIRECTORS ,Jay S. Fishman ,Jay S. Fishman,Lincoln Center,Board
99,2013,PRESIDENT ,Jed Bernstein ,Jed Bernstein,Lincoln Center,Board
100,2012,DIRECTORS ,Jim Herbert ,Jim Herbert,Lincoln Center,Board
101,2012,DIRECTORS ,Jim Rosenthal ,Jim Rosenthal,Lincoln Center,Board
102,2012,VICE CHAIRS ,Joel S. Ehrenkranz ,Joel S. Ehrenkranz,Lincoln Center,Board
103,2012,VICE CHAIRS ,John B. Hess ,John B. Hess,Lincoln Center,Board
104,2012,DIRECTORS ,John Wren ,John Wren,Lincoln Center,Board
105,2012,DIRECTORS ,Joseph R. Perella ,Joseph R. Perella,Lincoln Center,Board
106,2012,DIRECTORS ,Julian H. Robertson ,Julian H. Robertson,Lincoln Center,Board
107,2013,DIRECTORS ,Julian Robertson ,Julian Robertson,Lincoln Center,Board
108,2012,CHAIR ,Katherine Farley ,Katherine Farley,Lincoln Center,Board
109,2012,DIRECTORS ,Keith T. Banks ,Keith T. Banks,Lincoln Center,Board
110,2012,DIRECTORS ,Kevin W. Kennedy ,Kevin W. Kennedy,Lincoln Center,Board
111,2012,VICE CHAIRS ,Laurie M. Tisch ,Laurie M. Tisch,Lincoln Center,Board
112,2012,DIRECTORS ,Max R. Shulman ,Max R. Shulman,Lincoln Center,Board
113,2013,DIRECTORS ,Michael Lynton ,Michael Lynton,Lincoln Center,Board
114,2013,DIRECTORS ,Mimi Haas ,Mimi Haas,Lincoln Center,Board
115,2013,DIRECTORS ,Motomu Takahashi ,Motomu Takahashi,Lincoln Center,Board
116,2012,DIRECTORS ,Mr. Mitsuhiko Kawai ,Mr. Mitsuhiko Kawai,Lincoln Center,Board
117,2012,DIRECTORS ,Mrs. Ingeborg Hanna Rennert ,Mrs. Ingeborg Hanna Rennert,Lincoln Center,Board
118,2012,DIRECTORS ,Ms. Diane M. Coffey ,Ms. Diane M. Coffey,Lincoln Center,Board
119,2012,DIRECTORS ,Peter Frelinghuysen ,Peter Frelinghuysen,Lincoln Center,Board
120,2012,DIRECTORS ,Peter S. Kraus ,Peter S. Kraus,Lincoln Center,Board
121,2012,VICE CHAIRS ,Philip L. Milstein ,Philip L. Milstein,Lincoln Center,Board
122,2013,DIRECTORS ,Ralph Schlosstein ,Ralph Schlosstein,Lincoln Center,Board
123,2012,DIRECTORS ,Ren√©e Belfer,Ren√©e Belfer,Lincoln Center,Board
124,2012,PRESIDENT,Reynold Levy,Reynold Levy,Lincoln Center,Board
125,2012,VICE CHAIRS ,Richard K. DeScherer ,Richard K. DeScherer,Lincoln Center,Board
126,2012,DIRECTORS ,Richard S. Braddock ,Richard S. Braddock,Lincoln Center,Board
127,2012,DIRECTORS ,Rita E. Hauser ,Rita E. Hauser,Lincoln Center,Board
128,2012,DIRECTORS ,Robert A. Iger ,Robert A. Iger,Lincoln Center,Board
129,2012,DIRECTORS ,Robert Appel ,Robert Appel,Lincoln Center,Board
130,2012,DIRECTORS ,Ronnie Ackman,Ronnie Ackman,Lincoln Center,Board
131,2012,VICE CHAIRS ,Roy Furman ,Roy Furman,Lincoln Center,Board
132,2012,DIRECTORS ,Shelly Lazarus ,Shelly Lazarus,Lincoln Center,Board
133,2013,DIRECTORS ,Sheryl J. Kaye Kevin W. Kennedy ,Sheryl J. Kaye Kevin W. Kennedy,Lincoln Center,Board
134,2012,DIRECTORS ,Shiqiang Wu ,Shiqiang Wu,Lincoln Center,Board
135,2012,DIRECTORS ,Sir Deryck C. Maughan ,Sir Deryck C. Maughan,Lincoln Center,Board
136,2012,DIRECTORS ,Somesh Khanna ,Somesh Khanna,Lincoln Center,Board
137,2012,DIRECTORS ,Stephen M. Ross ,Stephen M. Ross,Lincoln Center,Board
138,2012,DIRECTORS ,Steven A. Kandarian ,Steven A. Kandarian,Lincoln Center,Board
139,2012,DIRECTORS ,Steven R. Swartz ,Steven R. Swartz,Lincoln Center,Board
140,2012,DIRECTORS ,Thomas A. Renyi ,Thomas A. Renyi,Lincoln Center,Board
141,2012,DIRECTORS ,Thomas H. Lee ,Thomas H. Lee,Lincoln Center,Board
142,2012,DIRECTORS ,"William B. Harrison, Jr. ","William B. Harrison, Jr.",Lincoln Center,Board
143,2012,DIRECTORS ,William C. Morris ,William C. Morris,Lincoln Center,Board
144,2012,DIRECTORS ,William E. Ford ,William E. Ford,Lincoln Center,Board
145,2012,DIRECTORS ,"William R. Miller, CBE ","William R. Miller, CBE",Lincoln Center,Board
146,2013,Chairman ,Ann Ziff ,Ann Ziff,Metropolitan Opera,Board
147,2013,President and Chief Executive Officer ,Kevin W. Kennedy ,Kevin W. Kennedy,Metropolitan Opera,Board
148,2013,Chairman of the Executive Committee,Mercedes T. Bass ,Mercedes T. Bass,Metropolitan Opera,Board
149,2013,Chairman of the Executive Committee ,William C. Morris ,William C. Morris,Metropolitan Opera,Board
150,2013,Secretary,Judith-Ann Corrente ,Judith-Ann Corrente,Metropolitan Opera,Board
151,2013,Treasurer,Betsy Cohen ,Betsy Cohen,Metropolitan Opera,Board
152,2013,Frayda B. Lindemann ,Frayda B. Lindemann ,Frayda B. Lindemann,Metropolitan Opera,Board
153,2013,Honorary Chairman ,Christine F. Hunter ,Christine F. Hunter,Metropolitan Opera,Board
154,2013,Honorary Chairman ,James W. Kinnear ,James W. Kinnear,Metropolitan Opera,Board
155,2013,President Emeritus ,Paul M. Montrone ,Paul M. Montrone,Metropolitan Opera,Board
156,2013,Vice Chairman Emerita ,Mrs. Ezra K. Zilkha ,Mrs. Ezra K. Zilkha,Metropolitan Opera,Board
157,2013,Managing Director,"Frank A. Bennack, Jr. ","Frank A. Bennack, Jr.",Metropolitan Opera,Board
158,2013,Managing Director,Susan S. Braddock ,Susan S. Braddock,Metropolitan Opera,Board
159,2013,Managing Director,"Leonard S. Coleman, Jr. ","Leonard S. Coleman, Jr.",Metropolitan Opera,Board
160,2013,Managing Director,Edgar Foster Daniels ,Edgar Foster Daniels,Metropolitan Opera,Board
161,2013,Managing Director,Rena De Sisto ,Rena De Sisto,Metropolitan Opera,Board
162,2013,Managing Director,Jerry del Missier ,Jerry del Missier,Metropolitan Opera,Board
163,2013,Managing Director,Mrs. Paul Desmarais Sr.,Mrs. Paul Desmarais Sr.,Metropolitan Opera,Board
164,2013,Managing Director,Misook Doolittle ,Misook Doolittle,Metropolitan Opera,Board
165,2014,Managing Director,Stephanie T. Foster,Stephanie T. Foster,Metropolitan Opera,Board
166,2013,Managing Director,Marina Kellen French ,Marina Kellen French,Metropolitan Opera,Board
167,2013,Managing Director,Beth W. Glynn ,Beth W. Glynn,Metropolitan Opera,Board
168,2014,Managing Director,Joan Granlund,Joan Granlund,Metropolitan Opera,Board
169,2013,Managing Director,Eugene P. Grisanti ,Eugene P. Grisanti,Metropolitan Opera,Board
170,2014,Managing Director,Eckkehart Hassel-Weiler,Eckkehart Hassel-Weiler,Metropolitan Opera,Board
171,2013,Managing Director,Rolf Heitmeyer ,Rolf Heitmeyer,Metropolitan Opera,Board
172,2013,Managing Director,Marlene Hess,Marlene Hess,Metropolitan Opera,Board
173,2014,Managing Director,Agnes Hsu-Tang,Agnes Hsu-Tang,Metropolitan Opera,Board
174,2013,Managing Director,Christine F. Hunter ,Christine F. Hunter,Metropolitan Opera,Board
175,2013,Managing Director,Frederick Iseman ,Frederick Iseman,Metropolitan Opera,Board
176,2013,Managing Director,John J. Noffo Kahn ,John J. Noffo Kahn,Metropolitan Opera,Board
177,2013,Managing Director,James W. Kinnear ,James W. Kinnear,Metropolitan Opera,Board
178,2013,Managing Director,Bruce Kovner ,Bruce Kovner,Metropolitan Opera,Board
179,2013,Managing Director,Camille D. LaBarre ,Camille D. LaBarre,Metropolitan Opera,Board
180,2013,Managing Director,"Mrs. Walter J. Laughery, Jr. ","Mrs. Walter J. Laughery, Jr.",Metropolitan Opera,Board
181,2013,Managing Director,Harry T. Lee ,Harry T. Lee,Metropolitan Opera,Board
182,2013,Managing Director,Jeanette Lerman-Neubauer ,Jeanette Lerman-Neubauer,Metropolitan Opera,Board
183,2013,Managing Director,Dafna Meitar-Nechmad ,Dafna Meitar-Nechmad,Metropolitan Opera,Board
184,2013,Managing Director,Mrs. Corbin R. Miller ,Mrs. Corbin R. Miller,Metropolitan Opera,Board
185,2013,Managing Director,William R. Miller ,William R. Miller,Metropolitan Opera,Board
186,2013,Managing Director,Vivian Milstein ,Vivian Milstein,Metropolitan Opera,Board
187,2013,Managing Director,Elena A. Prokupets ,Elena A. Prokupets,Metropolitan Opera,Board
188,2013,Managing Director,Laura J. Sloate ,Laura J. Sloate,Metropolitan Opera,Board
189,2013,Managing Director,Howard Solomon ,Howard Solomon,Metropolitan Opera,Board
190,2013,Managing Director,"Hon. David A. Straz, Jr. ","Hon. David A. Straz, Jr.",Metropolitan Opera,Board
191,2013,Managing Director,Ambassador Nicholas F. Taubman\,Ambassador Nicholas F. Taubman\,Metropolitan Opera,Board
192,2013,Managing Director,"Mrs. Wilmer J. Thomas, Jr. ","Mrs. Wilmer J. Thomas, Jr.",Metropolitan Opera,Board
193,2013,Managing Director,Robert I. Toll ,Robert I. Toll,Metropolitan Opera,Board
194,2013,Managing Director,Robert L. Turner\,Robert L. Turner\,Metropolitan Opera,Board
195,2013,Chairman,Daniel Brodsky ,Daniel Brodsky,Metropolitan Museum,Board
196,2013,Vice chairman,Russell L. Carson ,Russell L. Carson,Metropolitan Museum,Board
197,2013,Vice chairman,"Richard L. Chilton,  Jr. ","Richard L. Chilton, Jr.",Metropolitan Museum,Board
198,2013,Vice chairman,Lulu C. Wang ,Lulu C. Wang,Metropolitan Museum,Board
199,2013,Elective trustee,J. Tomilson Hill ,J. Tomilson Hill,Metropolitan Museum,Board
200,2013,Elective trustee,Denis P. Kelleher ,Denis P. Kelleher,Metropolitan Museum,Board
201,2013,Elective trustee,William C. Rudin ,William C. Rudin,Metropolitan Museum,Board
202,2013,Elective trustee,Alejandro Santo Domingo,Alejandro Santo Domingo,Metropolitan Museum,Board
203,2013,Elective trustee,Andrew M. Saul ,Andrew M. Saul,Metropolitan Museum,Board
204,2013,Elective trustee,Anna Wintour ,Anna Wintour,Metropolitan Museum,Board
205,2013,Elective trustee,Candace K. Beinecke ,Candace K. Beinecke,Metropolitan Museum,Board
206,2013,Elective trustee,Leon D. Black ,Leon D. Black,Metropolitan Museum,Board
207,2013,Elective trustee,Wellington Z. Chen ,Wellington Z. Chen,Metropolitan Museum,Board
208,2013,Elective trustee,Hamilton E. James ,Hamilton E. James,Metropolitan Museum,Board
209,2013,Elective trustee,Joyce Frank Menschel ,Joyce Frank Menschel,Metropolitan Museum,Board
210,2013,Elective trustee,Jeffrey M. Peek ,Jeffrey M. Peek,Metropolitan Museum,Board
211,2013,Elective trustee,Sir Paul Ruddock ,Sir Paul Ruddock,Metropolitan Museum,Board
212,2013,Elective trustee,Shelby White ,Shelby White,Metropolitan Museum,Board
213,2013,Elective trustee,Daniel Brodsky ,Daniel Brodsky,Metropolitan Museum,Board
214,2013,Elective trustee,Russell L. Carson ,Russell L. Carson,Metropolitan Museum,Board
215,2013,Elective trustee,Mark Fisch ,Mark Fisch,Metropolitan Museum,Board
216,2013,Elective trustee,Marina Kellen French ,Marina Kellen French,Metropolitan Museum,Board
217,2013,Elective trustee,Philip H. Isles ,Philip H. Isles,Metropolitan Museum,Board
218,2013,Elective trustee,Ann G. Tenenbaum ,Ann G. Tenenbaum,Metropolitan Museum,Board
219,2013,Elective trustee,Jeffrey W. Greenberg ,Jeffrey W. Greenberg,Metropolitan Museum,Board
220,2013,Elective trustee,Bonnie B. Himmelman ,Bonnie B. Himmelman,Metropolitan Museum,Board
221,2013,Elective trustee,Bonnie J. Sacerdote ,Bonnie J. Sacerdote,Metropolitan Museum,Board
222,2013,Elective trustee,James E. Shipp ,James E. Shipp,Metropolitan Museum,Board
223,2013,Elective trustee,Andrew Solomon ,Andrew Solomon,Metropolitan Museum,Board
224,2013,Elective trustee,Barrie A. Wigmore ,Barrie A. Wigmore,Metropolitan Museum,Board
225,2013,Elective trustee,Charles N. Atkins,Charles N. Atkins,Metropolitan Museum,Board
226,2013,Elective trustee,Bijan Mossavar-Rahmani,Bijan Mossavar-Rahmani,Metropolitan Museum,Board
227,2013,Elective trustee,John A. Paulson,John A. Paulson,Metropolitan Museum,Board
228,2013,Elective trustee,Samantha Boardman Rosen,Samantha Boardman Rosen,Metropolitan Museum,Board
229,2014,Elective trustee,Stephen M. Cutler,Stephen M. Cutler,Metropolitan Museum,Board
230,2013,Emeritus,Pl√°cido Arango ,Pl√°cido Arango,Metropolitan Museum,Board
231,2013,Emeritus,Ren√©e E. Belfer ,Ren√©e E. Belfer,Metropolitan Museum,Board
232,2013,Emeritus,Mrs. Jackson Burke ,Mrs. Jackson Burke,Metropolitan Museum,Board
233,2013,Emeritus,Walter Burke ,Walter Burke,Metropolitan Museum,Board
234,2013,Emeritus,Mrs. B. Gerald Cantor ,Mrs. B. Gerald Cantor,Metropolitan Museum,Board
235,2013,Emeritus,Michel David-Weill ,Michel David-Weill,Metropolitan Museum,Board
236,2013,Emeritus,S. Parker Gilbert ,S. Parker Gilbert,Metropolitan Museum,Board
237,2013,Emeritus,Conrad K. Harper ,Conrad K. Harper,Metropolitan Museum,Board
238,2013,Emeritus,Mrs. Henry J. Heinz II ,Mrs. Henry J. Heinz II,Metropolitan Museum,Board
239,2013,Emeritus,Sir Joseph Hotung ,Sir Joseph Hotung,Metropolitan Museum,Board
240,2013,Emeritus,James R. Houghton ,James R. Houghton,Metropolitan Museum,Board
241,2013,Emeritus,Mrs. Herbert Irving ,Mrs. Herbert Irving,Metropolitan Museum,Board
242,2013,Emeritus,Henry A. Kissinger ,Henry A. Kissinger,Metropolitan Museum,Board
243,2013,Emeritus,David H. Koch ,David H. Koch,Metropolitan Museum,Board
244,2013,Emeritus,Barnabas McHenry ,Barnabas McHenry,Metropolitan Museum,Board
245,2013,Emeritus,Mary R. Morgan ,Mary R. Morgan,Metropolitan Museum,Board
246,2013,Emeritus,George B. Munroe ,George B. Munroe,Metropolitan Museum,Board
247,2013,Emeritus,Eliot C. Nolen ,Eliot C. Nolen,Metropolitan Museum,Board
248,2013,Emeritus,Robert M. Pennoyer ,Robert M. Pennoyer,Metropolitan Museum,Board
249,2013,Emeritus,Mrs. Milton Petrie ,Mrs. Milton Petrie,Metropolitan Museum,Board
250,2013,Emeritus,Cynthia Hazen Polsky ,Cynthia Hazen Polsky,Metropolitan Museum,Board
251,2013,Emeritus,Annette de la Renta ,Annette de la Renta,Metropolitan Museum,Board
252,2013,Emeritus,Frank E. Richardson ,Frank E. Richardson,Metropolitan Museum,Board
253,2013,Emeritus,"E. John Rosenwald, Jr. ","E. John Rosenwald, Jr.",Metropolitan Museum,Board
254,2013,Emeritus,James J. Ross ,James J. Ross,Metropolitan Museum,Board
255,2013,Emeritus,Henry B. Schacht ,Henry B. Schacht,Metropolitan Museum,Board
256,2013,Emeritus,David T. Schiff ,David T. Schiff,Metropolitan Museum,Board
257,2013,Emeritus,Muriel Silberstein-Storfer ,Muriel Silberstein-Storfer,Metropolitan Museum,Board
258,2013,Emeritus,Carl Spielvogel ,Carl Spielvogel,Metropolitan Museum,Board
259,2013,Emeritus,Oscar L. Tang ,Oscar L. Tang,Metropolitan Museum,Board
260,2013,Emeritus,Allan Weissglass ,Allan Weissglass,Metropolitan Museum,Board
261,2013,Emeritus,Malcolm H. Wiener ,Malcolm H. Wiener,Metropolitan Museum,Board
262,2013,Emeritus,Jayne Wrightsman ,Jayne Wrightsman,Metropolitan Museum,Board
263,2013,Honorary chairman,David Rockefeller,David Rockefeller,Museum of Modern Art,Board
264,2013,Honorary chairman,Ronald S. Lauder,Ronald S. Lauder,Museum of Modern Art,Board
265,2013,Chairman emeritus,Robert B. Menschel,Robert B. Menschel,Museum of Modern Art,Board
266,2013,President Emerita,Agnes Gund,Agnes Gund,Museum of Modern Art,Board
267,2013,President Emeritus,Donald B. Marron,Donald B. Marron,Museum of Modern Art,Board
268,2013,Chairman,Jerry I. Speyer,Jerry I. Speyer,Museum of Modern Art,Board
269,2013,President,Marie-Jos√©e Kravis,Marie-Jos√©e Kravis,Museum of Modern Art,Board
270,2013,Vice Chairman,Sid R. Bass,Sid R. Bass,Museum of Modern Art,Board
271,2013,Vice Chairman,Leon D. Black,Leon D. Black,Museum of Modern Art,Board
272,2013,Vice Chairman,Mimi Haas,Mimi Haas,Museum of Modern Art,Board
273,2013,Vice Chairman,Richard E. Salomon,Richard E. Salomon,Museum of Modern Art,Board
274,2013,Director,Glenn D. Lowry,Glenn D. Lowry,Museum of Modern Art,Board
275,2013,Assistant Treasurer,James Gara,James Gara,Museum of Modern Art,Board
276,2013,Secretary,Patty Lipshutz,Patty Lipshutz,Museum of Modern Art,Board
277,2013,Trustee,Wallis Annenberg,Wallis Annenberg,Museum of Modern Art,Board
278,2013,Trustee,Sid R. Bass,Sid R. Bass,Museum of Modern Art,Board
279,2013,Trustee,Lawrence B. Benenson,Lawrence B. Benenson,Museum of Modern Art,Board
280,2013,Trustee,Leon D. Black,Leon D. Black,Museum of Modern Art,Board
281,2013,Trustee,Clarissa Alcock Bronfman,Clarissa Alcock Bronfman,Museum of Modern Art,Board
282,2013,Trustee,Patricia Phelps de Cisneros,Patricia Phelps de Cisneros,Museum of Modern Art,Board
283,2013,Trustee,Paula Crown,Paula Crown,Museum of Modern Art,Board
284,2013,Trustee,David Dechman,David Dechman,Museum of Modern Art,Board
285,2013,Trustee,Glenn Dubin,Glenn Dubin,Museum of Modern Art,Board
286,2013,Trustee,John Elkann,John Elkann,Museum of Modern Art,Board
287,2013,Trustee,Laurence Fink,Laurence Fink,Museum of Modern Art,Board
288,2013,Trustee,Kathleen Fuld,Kathleen Fuld,Museum of Modern Art,Board
289,2013,Trustee,Howard Gardner,Howard Gardner,Museum of Modern Art,Board
290,2013,Trustee,Anne Dias Griffin,Anne Dias Griffin,Museum of Modern Art,Board
291,2013,Trustee,Mimi Haas,Mimi Haas,Museum of Modern Art,Board
292,2013,Trustee,Alexandra A. Herzan,Alexandra A. Herzan,Museum of Modern Art,Board
293,2013,Trustee,Marlene Hess,Marlene Hess,Museum of Modern Art,Board
294,2014,Trustee,Ronnie Hayman,Ronnie Hayman,Museum of Modern Art,Board
295,2013,Trustee,AC Hudgins,AC Hudgins,Museum of Modern Art,Board
296,2013,Trustee,Jill Kraus,Jill Kraus,Museum of Modern Art,Board
297,2013,Trustee,Marie-Jos√©e Kravis,Marie-Jos√©e Kravis,Museum of Modern Art,Board
298,2013,Trustee,Thomas H. Lee,Thomas H. Lee,Museum of Modern Art,Board
299,2013,Trustee,Michael Lynne,Michael Lynne,Museum of Modern Art,Board
300,2013,Trustee,Philip S. Niarchos,Philip S. Niarchos,Museum of Modern Art,Board
301,2013,Trustee,James G. Niven,James G. Niven,Museum of Modern Art,Board
302,2013,Trustee,Peter Norton,Peter Norton,Museum of Modern Art,Board
303,2014,Trustee,Daniel S. Och,Daniel S. Och,Museum of Modern Art,Board
304,2013,Trustee,Maja Oeri,Maja Oeri,Museum of Modern Art,Board
305,2013,Trustee,Michael S. Ovitz,Michael S. Ovitz,Museum of Modern Art,Board
306,2013,Trustee,Richard D. Parsons,Richard D. Parsons,Museum of Modern Art,Board
307,2013,Trustee,Ronald O. Perelman,Ronald O. Perelman,Museum of Modern Art,Board
308,2013,Trustee,Sharon Percy Rockefeller,Sharon Percy Rockefeller,Museum of Modern Art,Board
309,2013,Trustee,Marcus Samuelsson,Marcus Samuelsson,Museum of Modern Art,Board
310,2013,Trustee,Anna Deavere Smith,Anna Deavere Smith,Museum of Modern Art,Board
311,2013,Trustee,Jerry I. Speyer,Jerry I. Speyer,Museum of Modern Art,Board
312,2013,Trustee,Ricardo Steinbruch,Ricardo Steinbruch,Museum of Modern Art,Board
313,2013,Trustee,Alice M. Tisch,Alice M. Tisch,Museum of Modern Art,Board
314,2013,Trustee,Gary Winnick,Gary Winnick,Museum of Modern Art,Board
315,2013,Life trustee,Eli Broad,Eli Broad,Museum of Modern Art,Board
316,2013,Life trustee,Douglas S. Cramer,Douglas S. Cramer,Museum of Modern Art,Board
317,2013,Life trustee,Joel S. Ehrenkranz,Joel S. Ehrenkranz,Museum of Modern Art,Board
318,2013,Life trustee,Gianluigi Gabetti,Gianluigi Gabetti,Museum of Modern Art,Board
319,2013,Life trustee,Barbara Jakobson,Barbara Jakobson,Museum of Modern Art,Board
320,2013,Life trustee,Werner H. Kramarsky,Werner H. Kramarsky,Museum of Modern Art,Board
321,2013,Life trustee,June Noble Larkin,June Noble Larkin,Museum of Modern Art,Board
322,2013,Life trustee,Donald B. Marron,Donald B. Marron,Museum of Modern Art,Board
323,2013,Life trustee,Robert B. Menschel,Robert B. Menschel,Museum of Modern Art,Board
324,2013,Life trustee,Peter G. Peterson,Peter G. Peterson,Museum of Modern Art,Board
325,2013,Life trustee,Emily Rauh Pulitzer,Emily Rauh Pulitzer,Museum of Modern Art,Board
326,2013,Life trustee,David Rockefeller,David Rockefeller,Museum of Modern Art,Board
327,2013,Life trustee,Anna Marie Shapiro,Anna Marie Shapiro,Museum of Modern Art,Board
328,2013,Life trustee,Jeanne C. Thayer,Jeanne C. Thayer,Museum of Modern Art,Board
329,2013,Life trustee,Joan Tisch,Joan Tisch,Museum of Modern Art,Board
330,2013,Life trustee,Edgar Wachenheim III,Edgar Wachenheim III,Museum of Modern Art,Board
331,2013,Director,Klaus Biesenbach,Klaus Biesenbach,MOMA PS1,Board
332,2013,Chairman,Agnes Gund,Agnes Gund,MOMA PS1,Board
333,2013,Vice Chairman,Philip E. Aarons,Philip E. Aarons,MOMA PS1,Board
334,2013,Treasurer,John Comfort,John Comfort,MOMA PS1,Board
335,2013,Trustee,Sheikha Hoor Al-Qasimi,Sheikha Hoor Al-Qasimi,MOMA PS1,Board
336,2013,Trustee,Richard Chang,Richard Chang,MOMA PS1,Board
337,2013,Trustee,Angela Chao,Angela Chao,MOMA PS1,Board
338,2013,Trustee,Dana Farouki,Dana Farouki,MOMA PS1,Board
339,2013,Trustee,Lex Fenwick,Lex Fenwick,MOMA PS1,Board
340,2013,Trustee,Wendy Fisher,Wendy Fisher,MOMA PS1,Board
341,2013,Trustee,Adriana Cisneros de Griffin,Adriana Cisneros de Griffin,MOMA PS1,Board
342,2013,Trustee,Susan Hayden,Susan Hayden,MOMA PS1,Board
343,2013,Trustee,Adam Kimmel,Adam Kimmel,MOMA PS1,Board
344,2013,Trustee,Sydie Lansing,Sydie Lansing,MOMA PS1,Board
345,2013,Trustee,Jennifer McSweeney,Jennifer McSweeney,MOMA PS1,Board
346,2013,Trustee,Peter Norton,Peter Norton,MOMA PS1,Board
347,2013,Trustee,Diana Widmaier Picasso,Diana Widmaier Picasso,MOMA PS1,Board
348,2013,Trustee,Cindy Sherman,Cindy Sherman,MOMA PS1,Board
349,2013,Trustee,Tom Slaughter,Tom Slaughter,MOMA PS1,Board
350,2013,Trustee,Julia Stoschek,Julia Stoschek,MOMA PS1,Board
351,2013,Trustee,Beth Swofford,Beth Swofford,MOMA PS1,Board
352,2013,Trustee,David Teiger,David Teiger,MOMA PS1,Board
353,2013,Trustee,Mickalene Thomas,Mickalene Thomas,MOMA PS1,Board
354,2013,Chairman,Gary W. Parr,Gary W. Parr,New York Philharmonic,Board
355,2013,Executive Director,Matthew VanBesien,Matthew VanBesien,New York Philharmonic,Board
356,2013,Secretary,Daisy M. Soros,Daisy M. Soros,New York Philharmonic,Board
357,2013,Treasurer,Timothy M. George,Timothy M. George,New York Philharmonic,Board
358,2013,Director,Lawrence D. Ackman,Lawrence D. Ackman,New York Philharmonic,Board
359,2013,Director,Alec Baldwin,Alec Baldwin,New York Philharmonic,Board
360,2013,Director,Joshua Bell,Joshua Bell,New York Philharmonic,Board
361,2013,Director,Dr. Clemens B√∂rsig,Dr. Clemens B√∂rsig,New York Philharmonic,Board
362,2014,Director,Yefim Bronfman,Yefim Bronfman,New York Philharmonic,Board
363,2013,Director,Kenneth A. Buckfire,Kenneth A. Buckfire,New York Philharmonic,Board
364,2013,Director,James E. Buckman,James E. Buckman,New York Philharmonic,Board
365,2013,Director,Laura Chang,Laura Chang,New York Philharmonic,Board
366,2014,Director,Angela Chen,Angela Chen,New York Philharmonic,Board
367,2013,Director,Diane Chesin,Diane Chesin,New York Philharmonic,Board
368,2013,Director,Peter D. Cummings,Peter D. Cummings,New York Philharmonic,Board
369,2013,Director,Toos N. Daruvala,Toos N. Daruvala,New York Philharmonic,Board
370,2013,Director,Lodewijk J.R. de Vink,Lodewijk J.R. de Vink,New York Philharmonic,Board
371,2014,Director,Carol Fiorello,Carol Fiorello,New York Philharmonic,Board
372,2013,Director,J. Christopher Flowers,J. Christopher Flowers,New York Philharmonic,Board
373,2013,Director,Daria L. Foster,Daria L. Foster,New York Philharmonic,Board
374,2013,Director,Annabelle K. Garrett,Annabelle K. Garrett,New York Philharmonic,Board
375,2013,Director,Whoopi Goldberg,Whoopi Goldberg,New York Philharmonic,Board
376,2013,Director,Paul B. Guenther,Paul B. Guenther,New York Philharmonic,Board
377,2013,Director,Gurnee F. Hart,Gurnee F. Hart,New York Philharmonic,Board
378,2013,Director,Gerald L. Hassell,Gerald L. Hassell,New York Philharmonic,Board
379,2013,Director,"Robert S. Hekemian, Jr.","Robert S. Hekemian, Jr.",New York Philharmonic,Board
380,2013,Director,C. Robert Henrikson,C. Robert Henrikson,New York Philharmonic,Board
381,2013,Director,Ludmila Schwarzenberg Hess,Ludmila Schwarzenberg Hess,New York Philharmonic,Board
382,2013,Director,Stephen Heyer,Stephen Heyer,New York Philharmonic,Board
383,2013,Director,Ann Johnson,Ann Johnson,New York Philharmonic,Board
384,2013,Director,Peter Jungen,Peter Jungen,New York Philharmonic,Board
385,2013,Director,Mitsuhiko Kawai,Mitsuhiko Kawai,New York Philharmonic,Board
386,2013,Director,H. Frederick Krimendahl II,H. Frederick Krimendahl II,New York Philharmonic,Board
387,2013,Director,Honey M. Kurtz,Honey M. Kurtz,New York Philharmonic,Board
388,2013,Director,Christian A. Lange,Christian A. Lange,New York Philharmonic,Board
389,2013,Director,Karen T. LeFrak,Karen T. LeFrak,New York Philharmonic,Board
390,2013,Director,"William M. Lewis, Jr.","William M. Lewis, Jr.",New York Philharmonic,Board
391,2013,Director,Alan S. MacDonald,Alan S. MacDonald,New York Philharmonic,Board
392,2013,Director,Peter W. May,Peter W. May,New York Philharmonic,Board
393,2013,Director,"Harold Mitchell, AC","Harold Mitchell, AC",New York Philharmonic,Board
394,2013,Director,Lizabeth A. Newman,Lizabeth A. Newman,New York Philharmonic,Board
395,2013,Director,Charles F. Niemeth,Charles F. Niemeth,New York Philharmonic,Board
396,2013,Director,"C. Allen Parker, Esq.","C. Allen Parker, Esq.",New York Philharmonic,Board
397,2013,Director,Itzhak Perlman,Itzhak Perlman,New York Philharmonic,Board
398,2013,Director,Joel I. Picket,Joel I. Picket,New York Philharmonic,Board
399,2013,Director,Antonio Quintella,Antonio Quintella,New York Philharmonic,Board
400,2013,Director,Susan Rose,Susan Rose,New York Philharmonic,Board
401,2013,Director,Carol D. Schaefer,Carol D. Schaefer,New York Philharmonic,Board
402,2013,Director,Oscar S. Schafer,Oscar S. Schafer,New York Philharmonic,Board
403,2013,Director,Shirley Bacot Shamel,Shirley Bacot Shamel,New York Philharmonic,Board
404,2013,Director,Larry A. Silverstein,Larry A. Silverstein,New York Philharmonic,Board
405,2014,Director,Motumu Takahashi,Motumu Takahashi,New York Philharmonic,Board
406,2013,Director,Oscar L. Tang,Oscar L. Tang,New York Philharmonic,Board
407,2013,Director,Pamela Thomas-Graham,Pamela Thomas-Graham,New York Philharmonic,Board
408,2013,Director,Bobby Tudor,Bobby Tudor,New York Philharmonic,Board
409,2013,Director,Ronald J. Ulrich,Ronald J. Ulrich,New York Philharmonic,Board
410,2014,Director,Daria L. Wallach,Daria L. Wallach,New York Philharmonic,Board
411,2014,Director,Mary L. Wallach,Mary L. Wallach,New York Philharmonic,Board
412,2013,Director,Sandra F. Warshawsky,Sandra F. Warshawsky,New York Philharmonic,Board
413,2013,Chairman Emeritus,Paul B. Guenther,Paul B. Guenther,New York Philharmonic,Board
414,2013,Chairman Emeritus,Carlos Moseley,Carlos Moseley,New York Philharmonic,Board
415,2013,Director Emeritus,Donald Blinken,Donald Blinken,New York Philharmonic,Board
416,2013,Director Emeritus,Edith S. Bouriez,Edith S. Bouriez,New York Philharmonic,Board
417,2013,Director Emeritus,Dale M. Frehse,Dale M. Frehse,New York Philharmonic,Board
418,2013,Director Emeritus,Gunther E. Greiner,Gunther E. Greiner,New York Philharmonic,Board
419,2013,Director Emeritus,William J. McDonough,William J. McDonough,New York Philharmonic,Board
420,2013,Director Emeritus,Phyllis J. Mills,Phyllis J. Mills,New York Philharmonic,Board
421,2013,Director Emeritus,Donald A. Pels,Donald A. Pels,New York Philharmonic,Board
422,2013,Director Emeritus,Paula L. Root,Paula L. Root,New York Philharmonic,Board
423,2013,Director Emeritus,Benjamin M. Rosen,Benjamin M. Rosen,New York Philharmonic,Board
424,2013,Director Emeritus,Joel E. Smilow,Joel E. Smilow,New York Philharmonic,Board
425,2013,Director Emeritus,Stephen Stamas,Stephen Stamas,New York Philharmonic,Board
426,2013,Chairman,Sanford I. Weill,Sanford I. Weill,Carnegie Hall,Board
427,2013,Vice Chairman,Mercedes T. Bass,Mercedes T. Bass,Carnegie Hall,Board
428,2013,Vice Chairman,Clarissa Alcock Bronfman,Clarissa Alcock Bronfman,Carnegie Hall,Board
429,2013,Vice Chairman,Klaus Jacobs,Klaus Jacobs,Carnegie Hall,Board
430,2013,Vice Chairman,Peter W. May,Peter W. May,Carnegie Hall,Board
431,2013,Vice Chairman,Ronald O. Perelman,Ronald O. Perelman,Carnegie Hall,Board
432,2013,Vice Chairman,Burton P. Resnick,Burton P. Resnick,Carnegie Hall,Board
433,2013,Secretary,Kenneth J. Bialkin,Kenneth J. Bialkin,Carnegie Hall,Board
434,2013,Treasurer,Edward C. Forst,Edward C. Forst,Carnegie Hall,Board
435,2013,Executive and Artistic Director,Clive Gillenson,Clive Gillenson,Carnegie Hall,Board
436,2013,Chairman Emeritus,Richard A. Debs,Richard A. Debs,Carnegie Hall,Board
437,2013,Chairman Emeritus,James D. Wolfensohn,James D. Wolfensohn,Carnegie Hall,Board
438,2013,Trustee,Earle S. Altman,Earle S. Altman,Carnegie Hall,Board
439,2013,Trustee,Martina Arroyo,Martina Arroyo,Carnegie Hall,Board
440,2013,Trustee,Emanuel Ax,Emanuel Ax,Carnegie Hall,Board
441,2013,Trustee,Mercedes T. Bass,Mercedes T. Bass,Carnegie Hall,Board
442,2013,Trustee,Norton Belknap,Norton Belknap,Carnegie Hall,Board
443,2013,Trustee,Ronald E. Blaylock,Ronald E. Blaylock,Carnegie Hall,Board
444,2013,Trustee,Nicola Bulgari,Nicola Bulgari,Carnegie Hall,Board
445,2013,Trustee,Yoko Nagae Ceschina,Yoko Nagae Ceschina,Carnegie Hall,Board
446,2013,Trustee,Gregory T. Durant,Gregory T. Durant,Carnegie Hall,Board
447,2013,Trustee,Judith W. Evnin,Judith W. Evnin,Carnegie Hall,Board
448,2013,Trustee,Anne M. Finucane,Anne M. Finucane,Carnegie Hall,Board
449,2013,Trustee,Ren√©e Fleming,Ren√©e Fleming,Carnegie Hall,Board
450,2013,Trustee,Edward C. Forst,Edward C. Forst,Carnegie Hall,Board
451,2013,Trustee,Marina Kellen French,Marina Kellen French,Carnegie Hall,Board
452,2013,Trustee,Clive Gillinson,Clive Gillinson,Carnegie Hall,Board
453,2013,Trustee,The Honorable Roy M. Goodman,The Honorable Roy M. Goodman,Carnegie Hall,Board
454,2013,Trustee,Marilyn Horne,Marilyn Horne,Carnegie Hall,Board
455,2013,Trustee,Stephen R. Howe Jr.,Stephen R. Howe Jr.,Carnegie Hall,Board
456,2013,Trustee,Frederick J. Iseman,Frederick J. Iseman,Carnegie Hall,Board
457,2013,Trustee,Klaus Jacobs,Klaus Jacobs,Carnegie Hall,Board
458,2013,Trustee,Robert W. Jones,Robert W. Jones,Carnegie Hall,Board
459,2013,Trustee,Gilbert Kaplan,Gilbert Kaplan,Carnegie Hall,Board
460,2013,Trustee,Mark E. Kingdon,Mark E. Kingdon,Carnegie Hall,Board
461,2013,Trustee,Suzie Kovner,Suzie Kovner,Carnegie Hall,Board
462,2013,Trustee,Robert K. Kraft,Robert K. Kraft,Carnegie Hall,Board
463,2013,Trustee,Sallie L. Krawcheck,Sallie L. Krawcheck,Carnegie Hall,Board
464,2013,Trustee,Lang Lang,Lang Lang,Carnegie Hall,Board
465,2014,Trustee,Isabel Leonard,Isabel Leonard,Carnegie Hall,Board
466,2013,Trustee,Robert I. Lipp,Robert I. Lipp,Carnegie Hall,Board
467,2013,Trustee,Terry J. Lundgren,Terry J. Lundgren,Carnegie Hall,Board
468,2013,Trustee,Yo-Yo Ma,Yo-Yo Ma,Carnegie Hall,Board
469,2013,Trustee,Thomas G. Maheras,Thomas G. Maheras,Carnegie Hall,Board
470,2013,Trustee,Peter W. May,Peter W. May,Carnegie Hall,Board
471,2013,Trustee,Audra McDonald,Audra McDonald,Carnegie Hall,Board
472,2013,Trustee,Harold McGraw III,Harold McGraw III,Carnegie Hall,Board
473,2013,Trustee,Lester S. Morse Jr.,Lester S. Morse Jr.,Carnegie Hall,Board
474,2013,Trustee,Dennis M. Nally,Dennis M. Nally,Carnegie Hall,Board
475,2013,Trustee,Joshua L. Nash,Joshua L. Nash,Carnegie Hall,Board
476,2013,Trustee,Frank N. Newman,Frank N. Newman,Carnegie Hall,Board
477,2013,Trustee,Jessye Norman,Jessye Norman,Carnegie Hall,Board
478,2013,Trustee,William G. Parrett,William G. Parrett,Carnegie Hall,Board
479,2013,Trustee,Laura H. Pomerantz,Laura H. Pomerantz,Carnegie Hall,Board
480,2013,Trustee,Don M. Randel,Don M. Randel,Carnegie Hall,Board
481,2013,Trustee,Oscar de la Renta,Oscar de la Renta,Carnegie Hall,Board
482,2013,Trustee,Burton P. Resnick,Burton P. Resnick,Carnegie Hall,Board
483,2013,Trustee,Judith Rodin,Judith Rodin,Carnegie Hall,Board
484,2013,Trustee,William D. Rondina,William D. Rondina,Carnegie Hall,Board
485,2013,Trustee,Susan W. Rose,Susan W. Rose,Carnegie Hall,Board
486,2013,Trustee,Charles M. Rosenthal,Charles M. Rosenthal,Carnegie Hall,Board
487,2013,Trustee,Sana H. Sabbagh,Sana H. Sabbagh,Carnegie Hall,Board
488,2013,Trustee,Suki Sandler,Suki Sandler,Carnegie Hall,Board
489,2013,Trustee,Mrs. Julio Mario Santo Domingo,Mrs. Julio Mario Santo Domingo,Carnegie Hall,Board
490,2013,Trustee,Dr. Thomas P. Sculco,Dr. Thomas P. Sculco,Carnegie Hall,Board
491,2013,Trustee,Henry T. Segerstrom,Henry T. Segerstrom,Carnegie Hall,Board
492,2013,Trustee,Stanley S. Shuman,Stanley S. Shuman,Carnegie Hall,Board
493,2013,Trustee,David M. Siegel ,David M. Siegel,Carnegie Hall,Board
494,2013,Trustee,Sir Howard Stringer,Sir Howard Stringer,Carnegie Hall,Board
495,2013,Trustee,Kurt G. Strovink,Kurt G. Strovink,Carnegie Hall,Board
496,2013,Trustee,S. Donald Sussman,S. Donald Sussman,Carnegie Hall,Board
497,2013,Trustee,James Taylor,James Taylor,Carnegie Hall,Board
498,2013,Trustee,Linda J. Wachner,Linda J. Wachner,Carnegie Hall,Board
499,2013,Trustee,Judy Francis Zankel,Judy Francis Zankel,Carnegie Hall,Board
500,2013,Trustee,John W. Zick,John W. Zick,Carnegie Hall,Board
501,2013,Trustee,Ann Ziff,Ann Ziff,Carnegie Hall,Board
502,2013,Honorary trustee,Ralph M. Baruch,Ralph M. Baruch,Carnegie Hall,Board
503,2013,Honorary trustee,Pierre Boulez,Pierre Boulez,Carnegie Hall,Board
504,2013,Honorary trustee,Roberta Peters,Roberta Peters,Carnegie Hall,Board
505,2013,Honorary trustee,Felix G. Rohatyn,Felix G. Rohatyn,Carnegie Hall,Board
506,2013,Honorary trustee,George T. Wein,George T. Wein,Carnegie Hall,Board
507,2013,President,Marc S. Lipschultz,,92Y,
508,2013,Chairman of the Boad,Stuart J. Ellman*,,92Y,
509,2013,Treasurer/Chairman of the Finance Committee,Paul Levy,,92Y,
510,2013,Secretary,Marcia Eppler Colvin,,92Y,
511,2013,Director,Jody Gottfried Arnhold,,92Y,
512,2013,Director,"Arthur Aufses, MD",,92Y,
513,2013,Director,Glenn August,,92Y,
514,2013,Director,Catherine H. Behrend,,92Y,
515,2013,Director,Laurence D. Belfer,,92Y,
516,2013,Director,Claire Benenson,,92Y,
517,2013,Director,Michael Berland,,92Y,
518,2013,Director,Len Blavatnik,,92Y,
519,2013,Director,Thomas Block,,92Y,
520,2013,Director,Matthew Bronfman*,,92Y,
521,2013,Director,Kathy Chazen,,92Y,
522,2013,Director,Andrew Crystal,,92Y,
523,2013,Director,Richard Crystal,,92Y,
524,2013,Director,"Stanley Edelman, MD",,92Y,
525,2013,Director,Michael S. Feldberg,,92Y,
526,2013,Director,Christy Ferer,,92Y,
527,2013,Director,Rick Gerson,,92Y,
528,2013,Director,Jeffrey B. Goldenberg,,92Y,
529,2013,Director,Jane H. Goldman,,92Y,
530,2013,Director,Michael Goldstein*,,92Y,
531,2013,Director,Daniel R. Kaplan*,,92Y,
532,2013,Director,Thomas S. Kaplan*,,92Y,
533,2013,Director,Lori A. Kasowitz,,92Y,
534,2013,Director,Richard L. Kay,,92Y,
535,2013,Director,Jonathan Korngold,,92Y,
536,2013,Director,Eric Lane,,92Y,
537,2013,Director,Nancy Z. Lane,,92Y,
538,2013,Director,Marc Lasry,,92Y,
539,2013,Director,William P. Lauder,,92Y,
540,2013,Director,Howard M. Lorber,,92Y,
541,2013,Director,Fredric Mack*,,92Y,
542,2013,Director,Richard J. Mack,,92Y,
543,2013,Director,Irwin Miller,,92Y,
544,2013,Director,Philip L. Milstein*,,92Y,
545,2013,Director,Cheryl Minikes,,92Y,
546,2013,Director,Andrea Olshan,,92Y,
547,2013,Director,Martin J. Oppenheimer,,92Y,
548,2013,Director,John Paulson,,92Y,
549,2013,Director,Martin J. Rabinowitz,,92Y,
550,2013,Director,David S. Rose,,92Y,
551,2013,Director,Marcella Rosen,,92Y,
552,2013,Director,Barry Rosenstein,,92Y,
553,2013,Director,Michael S. Roth,,92Y,
554,2013,Director,"Gail Michele Saltz, MD",,92Y,
555,2013,Director,Mara Sandler,,92Y,
556,2013,Director,Curtis Schenker,,92Y,
557,2013,Director,David M. Schizer,,92Y,
558,2013,Director,Dov Seidman,,92Y,
559,2013,Director,Oliver Stanton,,92Y,
560,2013,Director,Ronald Stein,,92Y,
561,2013,Director,John Steinhardt,,92Y,
562,2013,Director,Stuart Sucherman,,92Y,
563,2013,Director,Bertram Teich,,92Y,
564,2013,Director,Joan Tisch,,92Y,
565,2013,Director,Eva Colin Usdan,,92Y,
566,2013,Director,Kenneth L. Wallach,,92Y,
567,2013,Director,Caryn Zucker,,92Y,
568,2013,Honorary Director,Clive Chajet,,92Y,
569,2013,Honorary Director,Jerome A. Chazen,,92Y,
570,2013,Honorary Director,Gerald J. Grossman,,92Y,
571,2013,Honorary Director,William H. Heyman,,92Y,
572,2013,Honorary Director,Joan L. Jacobson*,,92Y,
573,2013,Honorary Director,"Lee Katz, PhD",,92Y,
574,2013,Honorary Director,Elena Hahn Kiam,,92Y,
575,2013,Honorary Director,Peter W. May,,92Y,
576,2013,Honorary Director,Mitchell J. Nelson,,92Y,
577,2013,Honorary Director,Madeline I. Noveck,,92Y,
578,2013,Honorary Director,Elihu Rose,,92Y,
579,2013,Honorary Director,Judith O. Rubin*,,92Y,
580,2013,Honorary Director,Ruth S. Stanton,,92Y,
581,2013,Honorary Director,Harriet Weintraub,,92Y,
582,2013,Honorary Director,Myrna Z. Weiss,,92Y,
583,2013,Chairman,James S. Tisch,,WNET/NJTV/WLIW,
584,2013,Vice Chairman,Charlotte Nichoson Ackert,,WNET/NJTV/WLIW,
585,2013,Vice Chairman,Cheryl Milstein,,WNET/NJTV/WLIW,
586,2013,Vice-Chairman,Ann G. Tenenbaum,,WNET/NJTV/WLIW,
587,2013,Vice-Chairman,Dirk Ziff,,WNET/NJTV/WLIW,
588,2013,Trustee,Waheed Alli,,WNET/NJTV/WLIW,
589,2013,Trustee,John P. Arnhold,,WNET/NJTV/WLIW,
590,2013,Trustee,Lisa M. Caputo,,WNET/NJTV/WLIW,
591,2013,Trustee,Raymond G. Chambers,,WNET/NJTV/WLIW,
592,2013,Trustee,Thomas J. Connolly,,WNET/NJTV/WLIW,
593,2013,Trustee,Marina Kellen French,,WNET/NJTV/WLIW,
594,2013,Trustee,Edward Grebow,,WNET/NJTV/WLIW,
595,2013,Trustee,Jeffrey Halis,,WNET/NJTV/WLIW,
596,2013,Trustee,Kitty Hawks,,WNET/NJTV/WLIW,
597,2013,Trustee,Cecilia Healy Herbert,,WNET/NJTV/WLIW,
598,2013,Trustee,Katherine Nouri Hughes,,WNET/NJTV/WLIW,
599,2013,Trustee,Elise Jaffe,,WNET/NJTV/WLIW,
600,2013,Trustee,Mark Kaplan,,WNET/NJTV/WLIW,
601,2013,Trustee,David H. Koch,,WNET/NJTV/WLIW,
602,2013,Trustee,John A. Levin ,,WNET/NJTV/WLIW,
603,2013,Trustee,Daniel Levine,,WNET/NJTV/WLIW,
604,2013,Trustee,Carol Sutton Lewis,,WNET/NJTV/WLIW,
605,2013,Trustee,Thomas J. Moran,,WNET/NJTV/WLIW,
606,2013,Trustee,Michael Peterson,,WNET/NJTV/WLIW,
607,2013,Trustee,Judith Resnick,,WNET/NJTV/WLIW,
608,2013,Trustee,Shelley F. Rubin ,,WNET/NJTV/WLIW,
609,2013,Trustee,Geoffrey K. Sands,,WNET/NJTV/WLIW,
610,2013,Trustee,Alejandro Santo Domingo,,WNET/NJTV/WLIW,
611,2013,Trustee,Barry Shapiro ,,WNET/NJTV/WLIW,
612,2013,Trustee,A.J.C. Smith,,WNET/NJTV/WLIW,
613,2013,Trustee,Daniel H. Stern,,WNET/NJTV/WLIW,
614,2013,Trustee,Paul P. Tanico,,WNET/NJTV/WLIW,
615,2013,Trustee,Leonard Tow,,WNET/NJTV/WLIW,
616,2013,Trustee,Thomas C. Uger,,WNET/NJTV/WLIW,
617,2013,Trustee,Diana Vagelos,,WNET/NJTV/WLIW,
618,2013,Trustee,Rosalind P. Walter,,WNET/NJTV/WLIW,
619,2013,Trustee,Claude Becker Wassterstein,,WNET/NJTV/WLIW,
620,2013,Trustee,Josh S. Weston,,WNET/NJTV/WLIW,
621,2013,Trustee,Jane Stoddard Williams,,WNET/NJTV/WLIW,
622,2013,Trustee,Paula Zahn,,WNET/NJTV/WLIW,
623,2013,Life Trustee,William F. Baker,,WNET/NJTV/WLIW,
624,2013,Life Trustee,Ralph M. Baruch,,WNET/NJTV/WLIW,
625,2013,Life Trustee,Meredith Brokaw,,WNET/NJTV/WLIW,
626,2013,Life Trustee,Elaine W. Conway,,WNET/NJTV/WLIW,
627,2013,Life Trustee,Joan Ganz Cooney,,WNET/NJTV/WLIW,
628,2013,Life Trustee,D. Ronald Daniel ,,WNET/NJTV/WLIW,
629,2013,Life Trustee,Oscar de la Renta,,WNET/NJTV/WLIW,
630,2013,Life Trustee,H. John Greeniaus ,,WNET/NJTV/WLIW,
631,2013,Life Trustee,Thomas S. Johnson,,WNET/NJTV/WLIW,
632,2013,Life Trustee,Betsy Lack,,WNET/NJTV/WLIW,
633,2013,Life Trustee,Philip A. Laskawy ,,WNET/NJTV/WLIW,
634,2013,Life Trustee,James S. Marcus,,WNET/NJTV/WLIW,
635,2013,Life Trustee,Anthony D. Marshall,,WNET/NJTV/WLIW,
636,2013,Life Trustee,Morris W. Offit,,WNET/NJTV/WLIW,
637,2013,Life Trustee,George D. O'Neill,,WNET/NJTV/WLIW,
638,2013,Life Trustee,Ponchitta Pierce ,,WNET/NJTV/WLIW,
639,2013,Life Trustee,Elihu Rose,,WNET/NJTV/WLIW,
640,2013,Life Trustee,Bernard L. Schwartz,,WNET/NJTV/WLIW,
641,2013,Life Trustee,Stanley S. Shuman,,WNET/NJTV/WLIW,
642,2013,Life Trustee,Marsha E. Simms,,WNET/NJTV/WLIW,
643,2013,Life Trustee,Michael I. Sovern,,WNET/NJTV/WLIW,
644,2013,Life Trustee,Scott M. Stuart,,WNET/NJTV/WLIW,
645,2013,Life Trustee,Mortimer B. Zuckerman,,WNET/NJTV/WLIW,
646,2013,Chairman Emeritus,William M. Elinghaus ,,WNET/NJTV/WLIW,
647,2013,Chairman Emeritus,Henry R. Kravis,,WNET/NJTV/WLIW,
648,2013,Chairman Emeritus,Steven R. Rattner,,WNET/NJTV/WLIW,
649,2013,Vice-Chairman Emeritus,Richard I. Beattie,,WNET/NJTV/WLIW,
650,2013,Vice-Chairman Emeritus,Elizabeth Rohatyn,,WNET/NJTV/WLIW,
651,2013,NJTV Chairman,Josh S. Weston,,WNET/NJTV/WLIW,
652,2013,NJTV Vice-Chairman,Elizabeth Thomas,,WNET/NJTV/WLIW,
653,2013,NJTV Vice-Chairman,Anthony V. Bastardi,,WNET/NJTV/WLIW,
654,2013,NJTV Trustee,Thomas A. Bracken ,,WNET/NJTV/WLIW,
655,2013,NJTV Trustee,Bernard Flynn,,WNET/NJTV/WLIW,
656,2013,NJTV Trustee,Edward Graham,,WNET/NJTV/WLIW,
657,2013,NJTV Trustee,Gov. Thomas H. Kean,,WNET/NJTV/WLIW,
658,2013,NJTV Trustee,Scott Kobler ,,WNET/NJTV/WLIW,
659,2013,NJTV Trustee,Randall E. Mehrberg,,WNET/NJTV/WLIW,
660,2013,NJTV Trustee,Brenda Ross-Dulan,,WNET/NJTV/WLIW,
661,2013,NJTV Trustee,Neal Shapiro,,WNET/NJTV/WLIW,
662,2013,NJTV Trustee,Robert L. Smartt,,WNET/NJTV/WLIW,
663,2013,NJTV Trustee,Gary Wingens,,WNET/NJTV/WLIW,
664,2013,President & Chief Executive Officer,Neal Shapiro,,WNET/NJTV/WLIW,
665,2013,"Vice President, Chief Financial Officer $ Treasurer ",Caroline Croen,,WNET/NJTV/WLIW,
666,2013,"Vice President, General Counsel & Secretary",Robert Feinberg,,WNET/NJTV/WLIW,
667,2013,"Vice President, Development & Communications",Lisa Mantone,,WNET/NJTV/WLIW,
668,2013,"Vice President, Programming",Stephen Segaller,,WNET/NJTV/WLIW,
669,2013,"Vice President, Human Resources",Charlene Shapiro,,WNET/NJTV/WLIW,
670,2013,"Vice President, Education",Carole Wacey,,WNET/NJTV/WLIW,
671,2013,Thirteen General Manager,Roslyn Davis,,WNET/NJTV/WLIW,
672,2013,WLIW General Manager,Diane Masciale,,WNET/NJTV/WLIW,
673,2013,NJTV General Manager,John Servido,,WNET/NJTV/WLIW,
674,2013,Creative News Group General Manager,Marc Rosenwasser,,WNET/NJTV/WLIW,
675,2013,Interactive Engagement Group General Manager,Daniel Greenberg,,WNET/NJTV/WLIW,
676,2014,Trustee,Marjorie Harris,,WNET/NJTV/WLIW,
677,2014,Trustee,Grazia Svokos,,WNET/NJTV/WLIW,
678,2014,Trustee,Grace Lyu Volkhausen,,WNET/NJTV/WLIW,
679,2014,NJTV Trustee,Vincent Maione,,WNET/NJTV/WLIW,
680,2014,NJTV Trustee,Robert A. Marino,,WNET/NJTV/WLIW,
681,2014,NJTV Trustee,Barry H. Ostrowsy,,WNET/NJTV/WLIW,
682,2013,BAM Board Chair,Alan H. Fishman,,Brooklyn Academy of Music,
683,2013,BAM Board Vice Chairs,William I. Campbell,,Brooklyn Academy of Music,
684,2013,BAM Board Vice Chairs,Adam E. Max,,Brooklyn Academy of Music,
685,2013,President,Karen Brooks Hopkins,,Brooklyn Academy of Music,
686,2013,Secretary,Joseph V. Melillo,,Brooklyn Academy of Music,
687,2013,Treasurer ,James I. McLaren,,Brooklyn Academy of Music,
688,2013,President Emeritus,Harvey Lichtenstein,,Brooklyn Academy of Music,
689,2013,Member,Jeffrey H. Barker,,Brooklyn Academy of Music,
690,2013,Member,Tony Bechara,,Brooklyn Academy of Music,
691,2013,Member,Ren√© B√∂ttcher,,Brooklyn Academy of Music,
692,2013,Member,Gordon Bowen,,Brooklyn Academy of Music,
693,2013,Member,Linda Chinn,,Brooklyn Academy of Music,
694,2013,Member,Henry Christensen III,,Brooklyn Academy of Music,
695,2013,Member,Pamela A. Codispoti,,Brooklyn Academy of Music,
696,2013,Member,David E. R. Dangoor,,Brooklyn Academy of Music,
697,2013,Member,Cheryl Della Rosa,,Brooklyn Academy of Music,
698,2013,Member,Dinyar S. Devitre,,Brooklyn Academy of Music,
699,2013,Member,Beth Rudin DeWoody,,Brooklyn Academy of Music,
700,2013,Member,Mark Diker,,Brooklyn Academy of Music,
701,2013,Member,Andre Dua,,Brooklyn Academy of Music,
702,2013,Member,Brendan J. Dugan,,Brooklyn Academy of Music,
703,2013,Member,Th√©r√®se Esperdy,,Brooklyn Academy of Music,
704,2013,Member,Teri Everett,,Brooklyn Academy of Music,
705,2013,Member,Mallory Factor,,Brooklyn Academy of Music,
706,2013,Member,"Ronald E. Feiner, Esq.",,Brooklyn Academy of Music,
707,2013,Member,"Richard E. Feldman, Esq.",,Brooklyn Academy of Music,
708,2013,Member,Steven G. Felsher,,Brooklyn Academy of Music,
709,2013,Member,Jeanne Donovan Fisher,,Brooklyn Academy of Music,
710,2013,Member,Barry M. Fox,,Brooklyn Academy of Music,
711,2013,Member,MaryAnne Gilmartin,,Brooklyn Academy of Music,
712,2013,Member,Robert M. Greenberg,,Brooklyn Academy of Music,
713,2013,Member,G. Penn Holsenbeck,,Brooklyn Academy of Music,
714,2013,Member,Anne Hubbard,,Brooklyn Academy of Music,
715,2013,Member,Mark H. Jackson,,Brooklyn Academy of Music,
716,2013,Member,Derek Jenkins,,Brooklyn Academy of Music,
717,2013,Member,Mary Kantor,,Brooklyn Academy of Music,
718,2013,Member,Daniel A. Klores,,Brooklyn Academy of Music,
719,2013,Member,Edgar A. Lampert,,Brooklyn Academy of Music,
720,2013,Member,Fran√ßois Letaconnoux,,Brooklyn Academy of Music,
721,2013,Member,Gary Lynch,,Brooklyn Academy of Music,
722,2013,Member,Martin F. Mertz,,Brooklyn Academy of Music,
723,2013,Member,Patricia E. Michels,,Brooklyn Academy of Music,
724,2013,Member,Ahrin Mishan,,Brooklyn Academy of Music,
725,2013,Member,Donald R. Mullen Jr.,,Brooklyn Academy of Music,
726,2013,Member,William A. Perlmuth,,Brooklyn Academy of Music,
727,2013,Member,"David L. Ramsay, M.D., M.Ed.",,Brooklyn Academy of Music,
728,2013,Member,Frances A. Resheske,,Brooklyn Academy of Music,
729,2013,Member,Jonathan F.P. Rose,,Brooklyn Academy of Music,
730,2013,Member,Anna Kuzmik Sampas,,Brooklyn Academy of Music,
731,2013,Member,Alberto Sanchez,,Brooklyn Academy of Music,
732,2013,Member,Timothy Sebunya,,Brooklyn Academy of Music,
733,2013,Member,Adi Shamir,,Brooklyn Academy of Music,
734,2013,Member,Danny Simmons,,Brooklyn Academy of Music,
735,2013,Member,Jessica Smith,,Brooklyn Academy of Music,
736,2013,Member,Brian Stafford,,Brooklyn Academy of Music,
737,2013,Member,Joseph A. Stern,,Brooklyn Academy of Music,
738,2013,Member,Pedro Torres Ciliberto,,Brooklyn Academy of Music,
739,2013,Member,John L. Usdan,,Brooklyn Academy of Music,
740,2013,Member,Brigitte Vosse,,Brooklyn Academy of Music,
741,2013,Member,Nora Ann Wallace,,Brooklyn Academy of Music,
742,2013,Member,Elaine Weinstein,,Brooklyn Academy of Music,
743,2013,Member,Hon. Franklin R. Weissberg,,Brooklyn Academy of Music,
744,2013,Member,"Vaughn C. Williams, Esq.",,Brooklyn Academy of Music,
745,2013,Member,Adam Wolfensohn,,Brooklyn Academy of Music,
746,2013,Member,Claire Wood,,Brooklyn Academy of Music,
747,2013,Member,Andrew Zolli,,Brooklyn Academy of Music,
748,2013,EX OFFICIO,Hon. Michael R. Bloomberg,,Brooklyn Academy of Music,
749,2013,EX OFFICIO,Hon. Christine C. Quinn,,Brooklyn Academy of Music,
750,2013,EX OFFICIO,Hon. Marty Markowitz,,Brooklyn Academy of Music,
751,2013,EX OFFICIO,Hon. Kate D. Levin,,Brooklyn Academy of Music,
752,2013,EX OFFICIO,Felice Forer Axelrod,,Brooklyn Academy of Music,
753,2013,EX OFFICIO,Lela Goren,,Brooklyn Academy of Music,
754,2013,CHAIRMEN EMERITI,Neil D. Chrisman,,Brooklyn Academy of Music,
755,2013,CHAIRMEN EMERITI,Seth S. Faison,,Brooklyn Academy of Music,
756,2013,CHAIRMEN EMERITI,Bruce C. Ratner,,Brooklyn Academy of Music,
757,2013,HONORARY TRUSTEES,Robert L. Forbes,,Brooklyn Academy of Music,
758,2013,HONORARY TRUSTEES,Charles J. Hamm,,Brooklyn Academy of Music,
759,2013,HONORARY TRUSTEES,"Barbara B. Haws, C.A.",,Brooklyn Academy of Music,
760,2013,HONORARY TRUSTEES,William Josephson,,Brooklyn Academy of Music,
761,2013,HONORARY TRUSTEES,John Lipsky,,Brooklyn Academy of Music,
762,2013,HONORARY TRUSTEES,Laurie Mallet,,Brooklyn Academy of Music,
763,2013,HONORARY TRUSTEES,Cathy-Ann Martine,,Brooklyn Academy of Music,
764,2014,Member,Elaine Weinstein,,Brooklyn Academy of Music,
765,2014,Member,David L. Picket,,Brooklyn Academy of Music,
766,2014,Member,Sarah C. Robertson,,Brooklyn Academy of Music,
767,2014,Member,Bartholomew A. Sheehan III,,Brooklyn Academy of Music,
768,2014,Member,Axel Stawski,,Brooklyn Academy of Music,
769,2014,EX OFFICIO,Jamie Snow Markowitz,,Brooklyn Academy of Music,
770,2014,HONORARY TRUSTEES,Mary Kantor,,Brooklyn Academy of Music,
771,2013,President,Lawrence R. Ricciardi,,Morgan Museum & Library,
772,2013,Vice President,James R. Houghton,,Morgan Museum & Library,
773,2013,Vice President,Richard L. Menschel,,Morgan Museum & Library,
774,2013,Treasurer ,George L. K. Frelinghuysen,,Morgan Museum & Library,
775,2013,Secretary,Thomas J. Reid,,Morgan Museum & Library,
776,2013,Trustee,Karen H. Bechtel,,Morgan Museum & Library,
777,2013,Trustee,Rodney B. Berens,,Morgan Museum & Library,
778,2013,Trustee,Susanna Borghese,,Morgan Museum & Library,
779,2013,Trustee,T. Kimball Brooker,,Morgan Museum & Library,
780,2013,Trustee,Karen B. Cohen,,Morgan Museum & Library,
781,2013,Trustee,Flobelle Burden Davis,,Morgan Museum & Library,
782,2013,Trustee,Geoffrey K. Elliott,,Morgan Museum & Library,
783,2013,Trustee,Brian J. Higgins,,Morgan Museum & Library,
784,2013,Trustee,Jerker M. Johansson,,Morgan Museum & Library,
785,2013,Trustee,Clement C. Moore II,,Morgan Museum & Library,
786,2013,Trustee,John A. Morgan,,Morgan Museum & Library,
787,2013,Trustee,Diane A. Nixon,,Morgan Museum & Library,
788,2013,Trustee,Cosima Pavoncelli,,Morgan Museum & Library,
789,2013,Trustee,Peter Pennoyer,,Morgan Museum & Library,
790,2013,Trustee,Cynthia Hazen Polsky,,Morgan Museum & Library,
791,2013,Trustee,Katharine J. Rayner,,Morgan Museum & Library,
792,2013,Trustee,Annette de la Renta,,Morgan Museum & Library,
793,2013,Trustee,"Hamilton Robinson, Jr.",,Morgan Museum & Library,
794,2013,Trustee,James A. Runde,,Morgan Museum & Library,
795,2013,Trustee,James Baker Sitrick,,Morgan Museum & Library,
796,2013,Trustee,Beatrice Stern,,Morgan Museum & Library,
797,2013,Trustee,Jeffrey C. Walker,,Morgan Museum & Library,
798,2013,Ex Officio,William T. Buice III,,Morgan Museum & Library,
799,2013,Ex Officio,William M. Griswold,,Morgan Museum & Library,
800,2013,Ex Officio,William James Wyer,,Morgan Museum & Library,
801,2013,Life Trustee,William R. Acquavella,,Morgan Museum & Library,
802,2013,Life Trustee,Walter Burke,,Morgan Museum & Library,
803,2013,Life Trustee,"Haliburton Fales, 2d",,Morgan Museum & Library,
804,2013,Life Trustee,"S. Parker Gilbert,",,Morgan Museum & Library,
805,2013,Life Trustee,Drue Heinz,,Morgan Museum & Library,
806,2013,Life Trustee,Lawrence Hughes,,Morgan Museum & Library,
807,2013,Life Trustee,Herbert Kasper,,Morgan Museum & Library,
808,2013,Life Trustee,Herbert L. Lucas,,Morgan Museum & Library,
809,2013,Life Trustee,Charles F. Morgan,,Morgan Museum & Library,
810,2013,Life Trustee,Robert M. Pennoyer,,Morgan Museum & Library,
811,2013,Life Trustee,Elaine L. Rosenberg,,Morgan Museum & Library,
812,2013,Life Trustee,Eugene V. Thaw,,Morgan Museum & Library,
813,2013,Life Trustee,Ladislaus von Hoffmann,,Morgan Museum & Library,
814,2013,Life Trustee,Baroness Mariuccia Zerilli-Marim√≤,,Morgan Museum & Library,
815,2014,Trustee,Gary W. Parr,,Morgan Museum & Library,
816,2012,Chairman,Thomas E. Tuft,,Roundabout Theatre,
817,2012,Vice Chairman,Mary C. Solomon,,Roundabout Theatre,
818,2012,President,Todd Haimes,,Roundabout Theatre,
819,2012,Treasurer ,Samuel R. Chapin,,Roundabout Theatre,
820,2012,Secretary,Lawrence Kaplen,,Roundabout Theatre,
821,2012,Director,Alec Baldwin,,Roundabout Theatre,
822,2012,Director,Jeffrey Barker,,Roundabout Theatre,
823,2012,Director,Bill Borrelle,,Roundabout Theatre,
824,2012,Director,Matthew Broderick,,Roundabout Theatre,
825,2012,Director,"James J. Burke, Jr.",,Roundabout Theatre,
826,2012,Director,Jim Carter,,Roundabout Theatre,
827,2012,Director,Mary Cirillo-Goldberg,,Roundabout Theatre,
828,2012,Director,Michael T. Cohen,,Roundabout Theatre,
829,2012,Director,Mike de Graffenried,,Roundabout Theatre,
830,2012,Director,Douglas Durst,,Roundabout Theatre,
831,2012,Director,Sylvia Golden,,Roundabout Theatre,
832,2012,Director,Patricia R. Goldstein,,Roundabout Theatre,
833,2012,Director,John R. Gordon,,Roundabout Theatre,
834,2012,Director,"Harry E. Gould, Jr.",,Roundabout Theatre,
835,2012,Director,Perry B. Granoff,,Roundabout Theatre,
836,2012,Director,Jeanne Hagerty,,Roundabout Theatre,
837,2012,Director,Meryl D. Hartzband,,Roundabout Theatre,
838,2012,Director,Maureen A. Hayes,,Roundabout Theatre,
839,2012,Director,Abby F. Kohnstamm,,Roundabout Theatre,
840,2012,Director,Gene R. Korf,,Roundabout Theatre,
841,2012,Director,Stephanie Kramer,,Roundabout Theatre,
842,2012,Director,Carole S. Krumland,,Roundabout Theatre,
843,2012,Director,Cathy Lasry,,Roundabout Theatre,
844,2012,Director,Mark J. Manoff,,Roundabout Theatre,
845,2012,Director,David E. Massengill,,Roundabout Theatre,
846,2012,Director,"John P. McGarry, Jr.",,Roundabout Theatre,
847,2012,Director,Cynthia Nixon,,Roundabout Theatre,
848,2012,Director,Katheryn Patterson Kempner,,Roundabout Theatre,
849,2012,Director,Laura Pels,,Roundabout Theatre,
850,2012,Director,Charles Randolph-Wright,,Roundabout Theatre,
851,2012,Director,Gregg Rechler,,Roundabout Theatre,
852,2012,Director,Steven A. Sanders,,Roundabout Theatre,
853,2012,Director,Steven Schroko,,Roundabout Theatre,
854,2012,Director,Beryl Snyder,,Roundabout Theatre,
855,2012,Director,Alyce Toonk,,Roundabout Theatre,
856,2012,Director,Johs Worsoe,,Roundabout Theatre,
857,2012,Director,Adam Zurofsky,,Roundabout Theatre,
858,2012,CHAIRMEN EMERITI,Christian C. Yegen,,Roundabout Theatre,
859,2012,Chairmen EMERITI,Steven F. Goldstone,,Roundabout Theatre,
860,2012,Diectors Emeriti,Bob Donnalley,,Roundabout Theatre,
861,2012,Direcors Emeriti,Carol Mitchell,,Roundabout Theatre,
862,2012,Artistic Director,Todd Haimes,,Roundabout Theatre,
863,2012,Managing Director,Harold Wolpert,,Roundabout Theatre,
864,2012,Executive Director,Julia C. Levy,,Roundabout Theatre,
865,2012,Adams Associate/Artistic Director,Scott Ellis,,Roundabout Theatre,
866,2012,Chairman Leadership Council,Yolanda R. Turocy,,Roundabout Theatre,
867,2012,Leadership Council,Polly Bergen,,Roundabout Theatre,
868,2012,Leadership Council,Henry Cooperman,,Roundabout Theatre,
869,2012,Leadership Council,Linda L. D\Onofrio,,Roundabout Theatre,
870,2012,Leadership Council,Christopher M. Formant,,Roundabout Theatre,
871,2012,Leadership Council,Boyd Gaines,,Roundabout Theatre,
872,2012,Leadership Council,Ned Ginty,,Roundabout Theatre,
873,2012,Leadership Council,Jodi Glucksman,,Roundabout Theatre,
874,2012,Leadership Council,Carmen Grossman,,Roundabout Theatre,
875,2012,Leadership Council,Barbara McIntyre Hack,,Roundabout Theatre,
876,2012,Leadership Council,Jeannette Hobson,,Roundabout Theatre,
877,2012,Leadership Council,H. Brett Humphreys,,Roundabout Theatre,
878,2012,Leadership Council,Cherry Jones,,Roundabout Theatre,
879,2012,Leadership Council,JoAnne Kennedy,,Roundabout Theatre,
880,2012,Leadership Council,Frank Langella,,Roundabout Theatre,
881,2012,Leadership Council,Helen Mirren,,Roundabout Theatre,
882,2012,Leadership Council,Brian Murray,,Roundabout Theatre,
883,2012,Leadership Council,Liam Neeson,,Roundabout Theatre,
884,2012,Leadership Council,Christopher Plummer,,Roundabout Theatre,
885,2012,Leadership Council,Ron Rifkin,,Roundabout Theatre,
886,2012,Leadership Council,Laura S. Rodgers,,Roundabout Theatre,
887,2012,Leadership Council,Patricia A. Stockhausen,,Roundabout Theatre,
888,2012,Leadership Council,Janis Ing Strauss,,Roundabout Theatre,
889,2012,Leadership Council,Cynthia C. Wainwright,,Roundabout Theatre,
890,2012,Leadership Council,Barry C. Waldorf,,Roundabout Theatre,
891,2012,Leadership Council,Tony Walton,,Roundabout Theatre,
892,2013,Director,Mary G. Cadagin,,Roundabout Theatre,
893,2013,Director,Marvin Rosen,,Roundabout Theatre,
894,2013,General Manager,Sydney Beers,,Roundabout Theatre,
895,2013,Leadership Council,Karen McKeel Calby,,Roundabout Theatre,
896,2013,Leadership Council,Robert Schaffer,,Roundabout Theatre,
897,2013,Leadership Council,Mark Tamagni,,Roundabout Theatre,
898,2013,Honorary Chairman,David Rockefeller,,MoMA,
899,2013,Honorary Chairman,Ronald S. Lauder,,MoMA,
900,2013,Chairman Emeritus,Robert B. Menschel,,MoMA,
901,2013,President Emerita,Agnes Gund,,MoMA,
902,2013,President Emerita,Donald B. Marron,,MoMA,
903,2013,Chairman,Jerry I. Speyer,,MoMA,
904,2013,President,Marie-Jos√©e Kravis,,MoMA,
905,2013,Vice Chairmen,Sid R. Bass,,MoMA,
906,2013,Vice Chairmen,Leon D. Black,,MoMA,
907,2013,Vice Chairmen,Mimi Haas,,MoMA,
908,2013,Vice Chairmen,Richard E. Salomon,,MoMA,
909,2013,Director,Glenn D. Lowry,,MoMA,
910,2013,Treasurer,Richard E. Salomon,,MoMA,
911,2013,Assistant Treasurer,James Gara,,MoMA,
912,2013,Secretary,Patty Lipshutz,,MoMA,
913,2013,Life Trustees,Wallis Annenberg,,MoMA,
914,2013,Life Trustees,Sid R. Bass,,MoMA,
915,2013,Life Trustees,Lawrence B. Benenson,,MoMA,
916,2013,Life Trustees,Leon D. Black,,MoMA,
917,2013,Life Trustees,Clarissa Alcock Bronfman,,MoMA,
918,2013,Life Trustees,Patricia Phelps de Cisneros,,MoMA,
919,2013,Life Trustees,Paula Crown,,MoMA,
920,2013,Life Trustees,David Dechman,,MoMA,
921,2013,Life Trustees,Glenn Dubin,,MoMA,
922,2013,Life Trustees,John Elkann,,MoMA,
923,2013,Life Trustees,Laurence Fink,,MoMA,
924,2013,Life Trustees,Kathleen Fuld,,MoMA,
925,2013,Life Trustees,Howard Gardner,,MoMA,
926,2013,Life Trustees,Anne Dias Griffin,,MoMA,
927,2013,Life Trustees,Agnes Gund,,MoMA,
928,2013,Life Trustees,Mimi Haas,,MoMA,
929,2013,Life Trustees,Alexandra A. Herzan,,MoMA,
930,2013,Life Trustees,Marlene Hess,,MoMA,
931,2013,Life Trustees,AC Hudgins,,MoMA,
932,2013,Life Trustees,Jill Kraus,,MoMA,
933,2013,Life Trustees,Marie-JoseÅe Kravis,,MoMA,
934,2013,Life Trustees,Ronald S. Lauder,,MoMA,
935,2013,Life Trustees,Thomas H. Lee,,MoMA,
936,2013,Life Trustees,Michael Lynne,,MoMA,
937,2013,Life Trustees,Philip S. Niarchos,,MoMA,
938,2013,Life Trustees,James G. Niven,,MoMA,
939,2013,Life Trustees,Peter Norton,,MoMA,
940,2013,Life Trustees,Maja Oeri,,MoMA,
941,2013,Life Trustees,Michael S. Ovitz,,MoMA,
942,2013,Life Trustees,Richard D. Parsons,,MoMA,
943,2013,Life Trustees,Ronald O. Perelman,,MoMA,
944,2013,Life Trustees,David Rockefeller,,MoMA,
945,2013,Life Trustees,Sharon Percy Rockefeller,,MoMA,
946,2013,Life Trustees,Richard E. Salomon,,MoMA,
947,2013,Life Trustees,Marcus Samuelsson,,MoMA,
948,2013,Life Trustees,Anna Deavere Smith,,MoMA,
949,2013,Life Trustees,Jerry I. Speyer,,MoMA,
950,2013,Life Trustees,Ricardo Steinbruch,,MoMA,
951,2013,Life Trustees,Alice M. Tisch,,MoMA,
952,2013,Life Trustees,Gary Winnick,,MoMA,
953,2013,Honorary Trustees,Eli Broad,,MoMA,
954,2013,Honorary Trustees,Douglas S. Cramer,,MoMA,
955,2013,Honorary Trustees,Joel S. Ehrenkranz,,MoMA,
956,2013,Honorary Trustees,Gianluigi Gabetti,,MoMA,
957,2013,Honorary Trustees,Barbara Jakobson,,MoMA,
958,2013,Honorary Trustees,Werner H. Kramarsky,,MoMA,
959,2013,Honorary Trustees,June Noble Larkin,,MoMA,
960,2013,Honorary Trustees,Donald B. Marron,,MoMA,
961,2013,Honorary Trustees,Robert B. Menschel,,MoMA,
962,2013,Honorary Trustees,Peter G. Peterson,,MoMA,
963,2013,Honorary Trustees,Emily Rauh Pulitzer,,MoMA,
964,2013,Honorary Trustees,David Rockefeller,,MoMA,
965,2013,Honorary Trustees,Anna Marie Shapiro,,MoMA,
966,2013,Honorary Trustees,Jeanne C. Thayer,,MoMA,
967,2013,Honorary Trustees,Joan Tisch,,MoMA,
968,2013,Honorary Trustees,Edgar Wachenheim III,,MoMA,
969,2013,Ex-Officio,Lin Arison,,MoMA,
970,2013,Ex-Officio,Mrs. Jan Cowles,,MoMA,
971,2013,Ex-Officio,Lewis B. Cullman,,MoMA,
972,2013,Ex-Officio,H.R.H. Duke Franz of Bavaria,,MoMA,
973,2013,Ex-Officio,Maurice R. Greenberg,,MoMA,
974,2013,Ex-Officio,Wynton Marsalis,,MoMA,
975,2013,Director Emeritus,Richard E. Oldenburg,,MoMA,
976,2013,Ex-Officio,Mrs. Milton Petrie,,MoMA,
977,2013,Ex-Officio,Lord Rogers of Riverside,,MoMA,
978,2013,Ex-Officio,Ted Sann,,MoMA,
979,2013,Ex-Officio,Gilbert Silverman,,MoMA,
980,2013,Ex-Officio,Yoshio Taniguchi,,MoMA,
981,2013,Ex-Officio,David Teiger,,MoMA,
982,2013,Ex-Officio,Eugene V. Thaw,,MoMA,
983,2013,Director,Glenn D. Lowry,,MoMA,
984,2013,Chairman of the Board of MoMA PS1,Agnes Gund,,MoMA,
985,2013,Mayor of the City of New York,Michael R. Bloomberg,,MoMA,
986,2013,Mayor\s Designee,Susan K. Freedman,,MoMA,
987,2013,Speaker of the Council of the City of New York,Christine C. Quinn,,MoMA,
988,2013,Speaker\s Designee,Barbaralee Diamonstein-Spielvogel,,MoMA,
989,2013,Comptroller of the City of New York,John C. Liu,,MoMA,
990,2013,Comptroller\s Designee,Chung Seto,,MoMA,
991,2013,President of the International Council,Sharon Percy Rockefeller,,MoMA,
992,2013,Co-Chairmen of The Contemporary Arts Council,Christopher Lee Apgar and Ann Schaffer,,MoMA,
993,2014,Mayor of the City of New York,Bill de Blasio,,MoMA,
994,2014,Comptroller of the City of New York,Scott M. Stringer,,MoMA,
995,2014,Comptroller\s Designee,Aby Rosen,,MoMA,
996,2014,Speaker of the Council of the City of New York,Melissa Mark-Viverito,,MoMA,
997,2013,Chair,Anthony W. Crowell,,Brooklyn Public Library,
998,2013,Vice Chair,Nicholas A. Gravante Jr.,,Brooklyn Public Library,
999,2013,Vice Chair,Miriam Katowitz,,Brooklyn Public Library,
1000,2013,Treasurer,Peter Aschkenasy,,Brooklyn Public Library,
1001,2013,Secretary,Antonia Yuille Williams,,Brooklyn Public Library,
1002,2013,Mayor of the City of New York,Michael R. Bloomberg,,Brooklyn Public Library,
1003,2013,President of the Borough of Brooklyn,Marty Markowitz,,Brooklyn Public Library,
1004,2013,Speaker of the New York City Council,Christine C. Quinn,,Brooklyn Public Library,
1005,2013,Comptroller of the City of New York,John C. Liu,,Brooklyn Public Library,
1006,2013,members,Jordan Barowitz,,Brooklyn Public Library,
1007,2013,members,Bonnie Bellamy-Watkins,,Brooklyn Public Library,
1008,2013,members,Michael Best,,Brooklyn Public Library,
1009,2013,members,Kwanza Butler,,Brooklyn Public Library,
1010,2013,members,Iris Y. Chiu,,Brooklyn Public Library,
1011,2013,members,Nina Collins,,Brooklyn Public Library,
1012,2013,members,Joseph I. Douek,,Brooklyn Public Library,
1013,2013,members,Jeff Gennette,,Brooklyn Public Library,
1014,2013,members,Hon. Ira B. Harkavy,,Brooklyn Public Library,
1015,2013,members,Kyle Kimball,,Brooklyn Public Library,
1016,2013,members,Michael Liburd,,Brooklyn Public Library,
1017,2013,members,Susan Marcinek,,Brooklyn Public Library,
1018,2013,members,Gino P. Menchini,,Brooklyn Public Library,
1019,2013,members,Hon. Alice Fisher Rubin,,Brooklyn Public Library,
1020,2013,members,Sandra Schubert,,Brooklyn Public Library,
1021,2013,members,Robin Shanus,,Brooklyn Public Library,
1022,2013,members,Christina Tettonis,,Brooklyn Public Library,
1023,2013,members,Leticia Theodore-Greene,,Brooklyn Public Library,
1024,2013,members,Dr. Lucille C. Thomas,,Brooklyn Public Library,
1025,2013,President & CEO,Linda E. Johnson,,Brooklyn Public Library,
1026,2014,Chair,"Nicholas A. Gravante, Jr.",,Brooklyn Public Library,
1027,2014,Vice Chair,Kyle Kimball,,Brooklyn Public Library,
1028,2014,Secretary,Robin Shanus,,Brooklyn Public Library,
1029,2014,Mayor of the City of New York,Bill de Blasio,,Brooklyn Public Library,
1030,2014,President of the Borough of Brooklyn,Eric Adams,,Brooklyn Public Library,
1031,2014,Speaker of the New York City Council,Melissa Mark-Viverito,,Brooklyn Public Library,
1032,2014,Comptroller of the City of New York,Scott M. Stringer,,Brooklyn Public Library,
1033,2014,Members,Anthony W. Crowell,,Brooklyn Public Library,
1034,2014,Members,Joseph I. Douek,,Brooklyn Public Library,
1035,2014,Members,Jeff Gennette,,Brooklyn Public Library,
1036,2014,Members,Hank Gutman,,Brooklyn Public Library,
1037,2014,Members,Cindi Leive,,Brooklyn Public Library,
1038,2014,Members,Kim-Thu Posnett,,Brooklyn Public Library,
1039,2014,Members,Lisa Price,,Brooklyn Public Library,